Date,Stn Code,Residential,Industrial,SO2,NO2,PM10
2011-01-02,531.0,1.0,0.0,4.0,44.0,196.0
2011-01-03,531.0,1.0,0.0,4.0,33.0,156.0
2011-01-04,531.0,1.0,0.0,4.0,39.0,215.0
2011-01-05,531.0,,,,,
2011-01-06,531.0,,,,,
2011-01-07,531.0,,,,,
2011-01-08,531.0,,,,,
2011-01-09,531.0,,,,,
2011-01-10,531.0,,,,,
2011-01-11,531.0,1.0,0.0,5.0,58.0,417.0
2011-01-12,531.0,,,,,
2011-01-13,531.0,,,,,
2011-01-14,531.0,,,,,
2011-01-15,531.0,,,,,
2011-01-16,531.0,,,,,
2011-01-17,531.0,1.0,0.0,5.0,43.0,264.0
2011-01-18,531.0,,,,,
2011-01-19,531.0,,,,,
2011-01-20,531.0,1.0,0.0,5.0,41.0,225.0
2011-01-21,531.0,,,,,
2011-01-22,531.0,,,,,
2011-01-23,531.0,,,,,
2011-01-24,531.0,,,,,
2011-01-25,531.0,1.0,0.0,4.0,46.0,195.0
2011-01-26,531.0,,,,,
2011-01-27,531.0,,,,,
2011-01-28,531.0,,,,,
2011-01-29,531.0,,,,,
2011-01-30,531.0,,,,,
2011-01-31,531.0,,,,,
2011-02-01,531.0,,,,,
2011-02-02,531.0,,,,,
2011-02-03,531.0,,,,,
2011-02-04,531.0,,,,,
2011-02-05,531.0,,,,,
2011-02-06,531.0,,,,,
2011-02-07,531.0,,,,,
2011-02-08,531.0,,,,,
2011-02-09,531.0,1.0,0.0,4.0,36.0,140.0
2011-02-10,531.0,,,,,
2011-02-11,531.0,,,,,
2011-02-12,531.0,,,,,
2011-02-13,531.0,,,,,
2011-02-14,531.0,1.0,0.0,4.0,33.0,150.0
2011-02-15,531.0,,,,,
2011-02-16,531.0,,,,,
2011-02-17,531.0,,,,,
2011-02-18,531.0,1.0,0.0,4.0,34.0,251.0
2011-02-19,531.0,,,,,
2011-02-20,531.0,,,,,
2011-02-21,531.0,,,,,
2011-02-22,531.0,,,,,
2011-02-23,531.0,1.0,0.0,4.0,41.0,291.0
2011-02-24,531.0,,,,,
2011-02-25,531.0,,,,,
2011-02-26,531.0,,,,,
2011-02-27,531.0,,,,,
2011-02-28,531.0,,,,,
2011-03-01,531.0,,,,,
2011-03-02,531.0,,,,,
2011-03-03,531.0,,,,,
2011-03-04,531.0,,,,,
2011-03-05,531.0,1.0,0.0,4.0,38.0,296.0
2011-03-06,531.0,1.0,0.0,4.0,35.0,167.0
2011-03-07,531.0,,,,,
2011-03-08,531.0,1.0,0.0,4.0,35.0,93.0
2011-03-09,531.0,,,,,
2011-03-10,531.0,,,,,
2011-03-11,531.0,,,,,
2011-03-12,531.0,,,,,
2011-03-13,531.0,,,,,
2011-03-14,531.0,,,,,
2011-03-15,531.0,1.0,0.0,4.0,41.0,127.0
2011-03-16,531.0,,,,,
2011-03-17,531.0,,,,,
2011-03-18,531.0,1.0,0.0,4.0,51.0,254.0
2011-03-19,531.0,,,,,
2011-03-20,531.0,,,,,
2011-03-21,531.0,,,,,
2011-03-22,531.0,,,,,
2011-03-23,531.0,1.0,0.0,4.0,54.0,314.0
2011-03-24,531.0,,,,,
2011-03-25,531.0,,,,,
2011-03-26,531.0,,,,,
2011-03-27,531.0,,,,,
2011-03-28,531.0,1.0,0.0,4.0,52.0,206.0
2011-03-29,531.0,,,,,
2011-03-30,531.0,,,,,
2011-03-31,531.0,,,,,
2011-04-01,531.0,1.0,0.0,4.0,38.0,109.0
2011-04-02,531.0,1.0,0.0,4.0,36.0,292.0
2011-04-03,531.0,,,,,
2011-04-04,531.0,,,,,
2011-04-05,531.0,,,,,
2011-04-06,531.0,,,,,
2011-04-07,531.0,,,,,
2011-04-08,531.0,,,,,
2011-04-09,531.0,,,,,
2011-04-10,531.0,1.0,0.0,4.0,45.0,103.0
2011-04-11,531.0,1.0,0.0,5.0,55.0,459.0
2011-04-12,531.0,,,,,
2011-04-13,531.0,,,,,
2011-04-14,531.0,,,,,
2011-04-15,531.0,,,,,
2011-04-16,531.0,,,,,
2011-04-17,531.0,,,,,
2011-04-18,531.0,1.0,0.0,4.0,36.0,164.0
2011-04-19,531.0,,,,,
2011-04-20,531.0,,,,,
2011-04-21,531.0,1.0,0.0,4.0,44.0,208.0
2011-04-22,531.0,,,,,
2011-04-23,531.0,,,,,
2011-04-24,531.0,,,,,
2011-04-25,531.0,,,,,
2011-04-26,531.0,,,,,
2011-04-27,531.0,1.0,0.0,4.0,38.0,276.0
2011-04-28,531.0,,,,,
2011-04-29,531.0,,,,,
2011-04-30,531.0,,,,,
2011-05-01,531.0,,,,,
2011-05-02,531.0,,,,,
2011-05-03,531.0,,,,,
2011-05-04,531.0,,,,,
2011-05-05,531.0,,,,,
2011-05-06,531.0,,,,,
2011-05-07,531.0,1.0,0.0,4.0,31.0,203.0
2011-05-08,531.0,,,,,
2011-05-09,531.0,,,,,
2011-05-10,531.0,,,,,
2011-05-11,531.0,,,,,
2011-05-12,531.0,1.0,0.0,5.0,52.0,248.0
2011-05-13,531.0,,,,,
2011-05-14,531.0,,,,,
2011-05-15,531.0,,,,,
2011-05-16,531.0,1.0,0.0,4.0,39.0,
2011-05-17,531.0,,,,,
2011-05-18,531.0,,,,,
2011-05-19,531.0,,,,,
2011-05-20,531.0,1.0,0.0,4.0,40.0,257.0
2011-05-21,531.0,,,,,
2011-05-22,531.0,,,,,
2011-05-23,531.0,,,,,
2011-05-24,531.0,,,,,
2011-05-25,531.0,1.0,0.0,4.0,38.0,265.0
2011-05-26,531.0,,,,,
2011-05-27,531.0,,,,,
2011-05-28,531.0,,,,,
2011-05-29,531.0,,,,,
2011-05-30,531.0,1.0,0.0,4.0,38.0,160.0
2011-05-31,531.0,,,,,
2011-06-01,531.0,,,,,
2011-06-02,531.0,,,,,
2011-06-03,531.0,,,,,
2011-06-04,531.0,1.0,0.0,4.0,48.0,251.0
2011-06-05,531.0,1.0,0.0,4.0,36.0,209.0
2011-06-06,531.0,,,,,
2011-06-07,531.0,,,,,
2011-06-08,531.0,,,,,
2011-06-09,531.0,,,,,
2011-06-10,531.0,,,,,
2011-06-11,531.0,,,,,
2011-06-12,531.0,,,,,
2011-06-13,531.0,1.0,0.0,4.0,34.0,182.0
2011-06-14,531.0,,,,,
2011-06-15,531.0,,,,,
2011-06-16,531.0,1.0,0.0,4.0,36.0,416.0
2011-06-17,531.0,,,,,
2011-06-18,531.0,,,,,
2011-06-19,531.0,,,,,
2011-06-20,531.0,,,,,
2011-06-21,531.0,1.0,0.0,4.0,36.0,128.0
2011-06-22,531.0,,,,,
2011-06-23,531.0,,,,,
2011-06-24,531.0,1.0,0.0,4.0,32.0,121.0
2011-06-25,531.0,,,,,
2011-06-26,531.0,,,,,
2011-06-27,531.0,,,,,
2011-06-28,531.0,,,,,
2011-06-29,531.0,1.0,0.0,4.0,35.0,146.0
2011-06-30,531.0,,,,,
2011-07-01,531.0,1.0,0.0,4.0,44.0,331.0
2011-07-02,531.0,,,,,
2011-07-03,531.0,1.0,0.0,4.0,48.0,114.0
2011-07-04,531.0,,,,,
2011-07-05,531.0,,,,,
2011-07-06,531.0,,,,,
2011-07-07,531.0,,,,,
2011-07-08,531.0,,,,,
2011-07-09,531.0,1.0,0.0,4.0,33.0,177.0
2011-07-10,531.0,,,,,
2011-07-11,531.0,,,,,
2011-07-12,531.0,,,,,
2011-07-13,531.0,1.0,0.0,4.0,37.0,135.0
2011-07-14,531.0,,,,,
2011-07-15,531.0,,,,,
2011-07-16,531.0,,,,,
2011-07-17,531.0,,,,,
2011-07-18,531.0,1.0,0.0,4.0,38.0,252.0
2011-07-19,531.0,,,,,
2011-07-20,531.0,,,,,
2011-07-21,531.0,1.0,0.0,4.0,32.0,167.0
2011-07-22,531.0,,,,,
2011-07-23,531.0,,,,,
2011-07-24,531.0,,,,,
2011-07-25,531.0,,,,,
2011-07-26,531.0,1.0,0.0,4.0,33.0,180.0
2011-07-27,531.0,,,,,
2011-07-28,531.0,,,,,
2011-07-29,531.0,,,,,
2011-07-30,531.0,,,,,
2011-07-31,531.0,,,,,
2011-08-01,531.0,,,,,
2011-08-02,531.0,,,,,
2011-08-03,531.0,,,,,
2011-08-04,531.0,,,,,
2011-08-05,531.0,,,,,
2011-08-06,531.0,1.0,0.0,4.0,37.0,156.0
2011-08-07,531.0,1.0,0.0,4.0,42.0,122.0
2011-08-08,531.0,1.0,0.0,4.0,35.0,110.0
2011-08-09,531.0,,,,,
2011-08-10,531.0,,,,,
2011-08-11,531.0,,,,,
2011-08-12,531.0,,,,,
2011-08-13,531.0,,,,,
2011-08-14,531.0,,,,,
2011-08-15,531.0,,,,,
2011-08-16,531.0,,,,,
2011-08-17,531.0,1.0,0.0,4.0,35.0,75.0
2011-08-18,531.0,,,,,
2011-08-19,531.0,,,,,
2011-08-20,531.0,,,,,
2011-08-21,531.0,,,,,
2011-08-22,531.0,,,,,
2011-08-23,531.0,1.0,0.0,4.0,35.0,140.0
2011-08-24,531.0,,,,,
2011-08-25,531.0,,,,,
2011-08-26,531.0,1.0,0.0,4.0,37.0,185.0
2011-08-27,531.0,,,,,
2011-08-28,531.0,,,,,
2011-08-29,531.0,,,,,
2011-08-30,531.0,,,,,
2011-08-31,531.0,,,,,
2011-09-01,531.0,,,,,
2011-09-02,531.0,1.0,0.0,4.0,36.0,166.0
2011-09-03,531.0,,,,,
2011-09-04,531.0,,,,,
2011-09-05,531.0,,,,,
2011-09-06,531.0,,,,,
2011-09-07,531.0,,,,,
2011-09-08,531.0,,,,,
2011-09-09,531.0,,,,,
2011-09-10,531.0,,,,,
2011-09-11,531.0,,,,,
2011-09-12,531.0,1.0,0.0,4.0,45.0,296.0
2011-09-13,531.0,,,,,
2011-09-14,531.0,,,,,
2011-09-15,531.0,,,,,
2011-09-16,531.0,,,,,
2011-09-17,531.0,,,,,
2011-09-18,531.0,,,,,
2011-09-19,531.0,,,,,
2011-09-20,531.0,1.0,0.0,4.0,35.0,107.0
2011-09-21,531.0,,,,,
2011-09-22,531.0,,,,,
2011-09-23,531.0,1.0,0.0,4.0,41.0,55.0
2011-09-24,531.0,,,,,
2011-09-25,531.0,,,,,
2011-09-26,531.0,,,,,
2011-09-27,531.0,,,,,
2011-09-28,531.0,1.0,0.0,4.0,43.0,47.0
2011-09-29,531.0,,,,,
2011-09-30,531.0,,,,,
2011-10-01,531.0,,,,,
2011-10-02,531.0,,,,,
2011-10-03,531.0,1.0,0.0,4.0,35.0,147.0
2011-10-04,531.0,,,,,
2011-10-05,531.0,,,,,
2011-10-06,531.0,,,,,
2011-10-07,531.0,,,,,
2011-10-08,531.0,,,,,
2011-10-09,531.0,,,,,
2011-10-10,531.0,1.0,0.0,4.0,47.0,149.0
2011-10-11,531.0,,,,,
2011-10-12,531.0,,,,,
2011-10-13,531.0,1.0,0.0,4.0,42.0,181.0
2011-10-14,531.0,,,,,
2011-10-15,531.0,,,,,
2011-10-16,531.0,,,,,
2011-10-17,531.0,,,,,
2011-10-18,531.0,,,,,
2011-10-19,531.0,1.0,0.0,7.0,34.0,184.0
2011-10-20,531.0,,,,,
2011-10-21,531.0,1.0,0.0,4.0,48.0,444.0
2011-10-22,531.0,,,,,
2011-10-23,531.0,,,,,
2011-10-24,531.0,,,,,
2011-10-25,531.0,1.0,0.0,6.0,42.0,502.0
2011-10-26,531.0,,,,,
2011-10-27,531.0,,,,,
2011-10-28,531.0,,,,,
2011-10-29,531.0,,,,,
2011-10-30,531.0,,,,,
2011-10-31,531.0,,,,,
2011-11-01,531.0,,,,,
2011-11-02,531.0,,,,,
2011-11-03,531.0,,,,,
2011-11-04,531.0,1.0,0.0,4.0,48.0,343.0
2011-11-05,531.0,1.0,0.0,4.0,35.0,220.0
2011-11-06,531.0,,,,,
2011-11-07,531.0,,,,,
2011-11-08,531.0,1.0,0.0,4.0,45.0,98.0
2011-11-09,531.0,,,,,
2011-11-10,531.0,,,,,
2011-11-11,531.0,1.0,0.0,5.0,40.0,271.0
2011-11-12,531.0,,,,,
2011-11-13,531.0,,,,,
2011-11-14,531.0,,,,,
2011-11-15,531.0,,,,,
2011-11-16,531.0,1.0,0.0,4.0,47.0,281.0
2011-11-17,531.0,,,,,
2011-11-18,531.0,,,,,
2011-11-19,531.0,,,,,
2011-11-20,531.0,,,,,
2011-11-21,531.0,1.0,0.0,4.0,52.0,457.0
2011-11-22,531.0,,,,,
2011-11-23,531.0,,,,,
2011-11-24,531.0,1.0,0.0,4.0,47.0,185.0
2011-11-25,531.0,,,,,
2011-11-26,531.0,,,,,
2011-11-27,531.0,,,,,
2011-11-28,531.0,,,,,
2011-11-29,531.0,1.0,0.0,5.0,39.0,232.0
2011-11-30,531.0,,,,,
2011-12-01,531.0,1.0,0.0,5.0,52.0,193.0
2011-12-02,531.0,,,,,
2011-12-03,531.0,,,,,
2011-12-04,531.0,,,,,
2011-12-05,531.0,,,,,
2011-12-06,531.0,,,,,
2011-12-07,531.0,,,,,
2011-12-08,531.0,,,,,
2011-12-09,531.0,1.0,0.0,4.0,35.0,122.0
2011-12-10,531.0,,,,,
2011-12-11,531.0,,,,,
2011-12-12,531.0,,,,,
2011-12-13,531.0,,,,,
2011-12-14,531.0,1.0,0.0,5.0,48.0,281.0
2011-12-15,531.0,,,,,
2011-12-16,531.0,,,,,
2011-12-17,531.0,,,,,
2011-12-18,531.0,,,,,
2011-12-19,531.0,1.0,0.0,4.0,42.0,463.0
2011-12-20,531.0,,,,,
2011-12-21,531.0,,,,,
2011-12-22,531.0,1.0,0.0,5.0,56.0,245.0
2011-12-23,531.0,,,,,
2011-12-24,531.0,,,,,
2011-12-25,531.0,,,,,
2011-12-26,531.0,,,,,
2011-12-27,531.0,1.0,0.0,5.0,51.0,277.0
2011-12-28,531.0,,,,,
2011-12-29,531.0,,,,,
2011-12-30,531.0,,,,,
2011-12-31,531.0,,,,,
2012-01-01,531.0,,,,,
2012-01-02,531.0,,,,,
2012-01-03,531.0,,,,,
2012-01-04,531.0,,,,,
2012-01-05,531.0,,,,,
2012-01-06,531.0,,,,,
2012-01-07,531.0,,,,,
2012-01-08,531.0,,,,,
2012-01-09,531.0,,,,,
2012-01-10,531.0,,,,,
2012-01-11,531.0,,,,,
2012-01-12,531.0,,,,,
2012-01-13,531.0,,,,,
2012-01-14,531.0,,,,,
2012-01-15,531.0,,,,,
2012-01-16,531.0,,,,,
2012-01-17,531.0,,,,,
2012-01-18,531.0,,,,,
2012-01-19,531.0,,,,,
2012-01-20,531.0,,,,,
2012-01-21,531.0,,,,,
2012-01-22,531.0,,,,,
2012-01-23,531.0,,,,,
2012-01-24,531.0,,,,,
2012-01-25,531.0,,,,,
2012-01-26,531.0,,,,,
2012-01-27,531.0,,,,,
2012-01-28,531.0,,,,,
2012-01-29,531.0,,,,,
2012-01-30,531.0,,,,,
2012-01-31,531.0,,,,,
2012-02-01,531.0,,,,,
2012-02-02,531.0,,,,,
2012-02-03,531.0,,,,,
2012-02-04,531.0,,,,,
2012-02-05,531.0,,,,,
2012-02-06,531.0,,,,,
2012-02-07,531.0,,,,,
2012-02-08,531.0,,,,,
2012-02-09,531.0,,,,,
2012-02-10,531.0,,,,,
2012-02-11,531.0,,,,,
2012-02-12,531.0,,,,,
2012-02-13,531.0,,,,,
2012-02-14,531.0,,,,,
2012-02-15,531.0,,,,,
2012-02-16,531.0,,,,,
2012-02-17,531.0,,,,,
2012-02-18,531.0,,,,,
2012-02-19,531.0,,,,,
2012-02-20,531.0,,,,,
2012-02-21,531.0,,,,,
2012-02-22,531.0,,,,,
2012-02-23,531.0,,,,,
2012-02-24,531.0,,,,,
2012-02-25,531.0,,,,,
2012-02-26,531.0,,,,,
2012-02-27,531.0,,,,,
2012-02-28,531.0,,,,,
2012-02-29,531.0,,,,,
2012-03-01,531.0,,,,,
2012-03-02,531.0,,,,,
2012-03-03,531.0,,,,,
2012-03-04,531.0,,,,,
2012-03-05,531.0,,,,,
2012-03-06,531.0,,,,,
2012-03-07,531.0,,,,,
2012-03-08,531.0,,,,,
2012-03-09,531.0,,,,,
2012-03-10,531.0,,,,,
2012-03-11,531.0,,,,,
2012-03-12,531.0,,,,,
2012-03-13,531.0,,,,,
2012-03-14,531.0,,,,,
2012-03-15,531.0,,,,,
2012-03-16,531.0,,,,,
2012-03-17,531.0,,,,,
2012-03-18,531.0,,,,,
2012-03-19,531.0,,,,,
2012-03-20,531.0,,,,,
2012-03-21,531.0,,,,,
2012-03-22,531.0,,,,,
2012-03-23,531.0,,,,,
2012-03-24,531.0,,,,,
2012-03-25,531.0,,,,,
2012-03-26,531.0,,,,,
2012-03-27,531.0,,,,,
2012-03-28,531.0,,,,,
2012-03-29,531.0,,,,,
2012-03-30,531.0,,,,,
2012-03-31,531.0,,,,,
2012-04-01,531.0,,,,,
2012-04-02,531.0,,,,,
2012-04-03,531.0,,,,,
2012-04-04,531.0,,,,,
2012-04-05,531.0,,,,,
2012-04-06,531.0,,,,,
2012-04-07,531.0,,,,,
2012-04-08,531.0,,,,,
2012-04-09,531.0,,,,,
2012-04-10,531.0,,,,,
2012-04-11,531.0,,,,,
2012-04-12,531.0,,,,,
2012-04-13,531.0,,,,,
2012-04-14,531.0,,,,,
2012-04-15,531.0,,,,,
2012-04-16,531.0,,,,,
2012-04-17,531.0,,,,,
2012-04-18,531.0,,,,,
2012-04-19,531.0,,,,,
2012-04-20,531.0,,,,,
2012-04-21,531.0,,,,,
2012-04-22,531.0,,,,,
2012-04-23,531.0,,,,,
2012-04-24,531.0,,,,,
2012-04-25,531.0,,,,,
2012-04-26,531.0,,,,,
2012-04-27,531.0,,,,,
2012-04-28,531.0,,,,,
2012-04-29,531.0,,,,,
2012-04-30,531.0,,,,,
2012-05-01,531.0,,,,,
2012-05-02,531.0,,,,,
2012-05-03,531.0,,,,,
2012-05-04,531.0,,,,,
2012-05-05,531.0,,,,,
2012-05-06,531.0,,,,,
2012-05-07,531.0,,,,,
2012-05-08,531.0,,,,,
2012-05-09,531.0,,,,,
2012-05-10,531.0,,,,,
2012-05-11,531.0,,,,,
2012-05-12,531.0,,,,,
2012-05-13,531.0,,,,,
2012-05-14,531.0,,,,,
2012-05-15,531.0,,,,,
2012-05-16,531.0,,,,,
2012-05-17,531.0,,,,,
2012-05-18,531.0,,,,,
2012-05-19,531.0,,,,,
2012-05-20,531.0,,,,,
2012-05-21,531.0,,,,,
2012-05-22,531.0,,,,,
2012-05-23,531.0,,,,,
2012-05-24,531.0,,,,,
2012-05-25,531.0,,,,,
2012-05-26,531.0,,,,,
2012-05-27,531.0,,,,,
2012-05-28,531.0,,,,,
2012-05-29,531.0,,,,,
2012-05-30,531.0,,,,,
2012-05-31,531.0,,,,,
2012-06-01,531.0,,,,,
2012-06-02,531.0,,,,,
2012-06-03,531.0,,,,,
2012-06-04,531.0,,,,,
2012-06-05,531.0,,,,,
2012-06-06,531.0,,,,,
2012-06-07,531.0,,,,,
2012-06-08,531.0,,,,,
2012-06-09,531.0,,,,,
2012-06-10,531.0,,,,,
2012-06-11,531.0,,,,,
2012-06-12,531.0,,,,,
2012-06-13,531.0,,,,,
2012-06-14,531.0,,,,,
2012-06-15,531.0,,,,,
2012-06-16,531.0,,,,,
2012-06-17,531.0,,,,,
2012-06-18,531.0,,,,,
2012-06-19,531.0,,,,,
2012-06-20,531.0,,,,,
2012-06-21,531.0,,,,,
2012-06-22,531.0,,,,,
2012-06-23,531.0,,,,,
2012-06-24,531.0,,,,,
2012-06-25,531.0,,,,,
2012-06-26,531.0,,,,,
2012-06-27,531.0,,,,,
2012-06-28,531.0,,,,,
2012-06-29,531.0,,,,,
2012-06-30,531.0,,,,,
2012-07-01,531.0,,,,,
2012-07-02,531.0,,,,,
2012-07-03,531.0,,,,,
2012-07-04,531.0,,,,,
2012-07-05,531.0,,,,,
2012-07-06,531.0,,,,,
2012-07-07,531.0,,,,,
2012-07-08,531.0,,,,,
2012-07-09,531.0,,,,,
2012-07-10,531.0,,,,,
2012-07-11,531.0,,,,,
2012-07-12,531.0,,,,,
2012-07-13,531.0,,,,,
2012-07-14,531.0,,,,,
2012-07-15,531.0,,,,,
2012-07-16,531.0,,,,,
2012-07-17,531.0,,,,,
2012-07-18,531.0,,,,,
2012-07-19,531.0,,,,,
2012-07-20,531.0,,,,,
2012-07-21,531.0,,,,,
2012-07-22,531.0,,,,,
2012-07-23,531.0,,,,,
2012-07-24,531.0,,,,,
2012-07-25,531.0,,,,,
2012-07-26,531.0,,,,,
2012-07-27,531.0,,,,,
2012-07-28,531.0,,,,,
2012-07-29,531.0,,,,,
2012-07-30,531.0,,,,,
2012-07-31,531.0,,,,,
2012-08-01,531.0,,,,,
2012-08-02,531.0,,,,,
2012-08-03,531.0,,,,,
2012-08-04,531.0,,,,,
2012-08-05,531.0,,,,,
2012-08-06,531.0,,,,,
2012-08-07,531.0,,,,,
2012-08-08,531.0,,,,,
2012-08-09,531.0,,,,,
2012-08-10,531.0,,,,,
2012-08-11,531.0,,,,,
2012-08-12,531.0,,,,,
2012-08-13,531.0,,,,,
2012-08-14,531.0,,,,,
2012-08-15,531.0,,,,,
2012-08-16,531.0,,,,,
2012-08-17,531.0,,,,,
2012-08-18,531.0,,,,,
2012-08-19,531.0,,,,,
2012-08-20,531.0,,,,,
2012-08-21,531.0,,,,,
2012-08-22,531.0,,,,,
2012-08-23,531.0,,,,,
2012-08-24,531.0,,,,,
2012-08-25,531.0,,,,,
2012-08-26,531.0,,,,,
2012-08-27,531.0,,,,,
2012-08-28,531.0,,,,,
2012-08-29,531.0,,,,,
2012-08-30,531.0,,,,,
2012-08-31,531.0,,,,,
2012-09-01,531.0,,,,,
2012-09-02,531.0,,,,,
2012-09-03,531.0,,,,,
2012-09-04,531.0,,,,,
2012-09-05,531.0,,,,,
2012-09-06,531.0,,,,,
2012-09-07,531.0,,,,,
2012-09-08,531.0,,,,,
2012-09-09,531.0,,,,,
2012-09-10,531.0,,,,,
2012-09-11,531.0,,,,,
2012-09-12,531.0,,,,,
2012-09-13,531.0,,,,,
2012-09-14,531.0,,,,,
2012-09-15,531.0,,,,,
2012-09-16,531.0,,,,,
2012-09-17,531.0,,,,,
2012-09-18,531.0,,,,,
2012-09-19,531.0,,,,,
2012-09-20,531.0,,,,,
2012-09-21,531.0,,,,,
2012-09-22,531.0,,,,,
2012-09-23,531.0,,,,,
2012-09-24,531.0,,,,,
2012-09-25,531.0,,,,,
2012-09-26,531.0,,,,,
2012-09-27,531.0,,,,,
2012-09-28,531.0,,,,,
2012-09-29,531.0,,,,,
2012-09-30,531.0,,,,,
2012-10-01,531.0,,,,,
2012-10-02,531.0,,,,,
2012-10-03,531.0,,,,,
2012-10-04,531.0,,,,,
2012-10-05,531.0,,,,,
2012-10-06,531.0,,,,,
2012-10-07,531.0,,,,,
2012-10-08,531.0,,,,,
2012-10-09,531.0,,,,,
2012-10-10,531.0,,,,,
2012-10-11,531.0,,,,,
2012-10-12,531.0,,,,,
2012-10-13,531.0,,,,,
2012-10-14,531.0,,,,,
2012-10-15,531.0,,,,,
2012-10-16,531.0,,,,,
2012-10-17,531.0,,,,,
2012-10-18,531.0,,,,,
2012-10-19,531.0,,,,,
2012-10-20,531.0,,,,,
2012-10-21,531.0,,,,,
2012-10-22,531.0,,,,,
2012-10-23,531.0,,,,,
2012-10-24,531.0,,,,,
2012-10-25,531.0,,,,,
2012-10-26,531.0,,,,,
2012-10-27,531.0,,,,,
2012-10-28,531.0,,,,,
2012-10-29,531.0,,,,,
2012-10-30,531.0,,,,,
2012-10-31,531.0,,,,,
2012-11-01,531.0,,,,,
2012-11-02,531.0,,,,,
2012-11-03,531.0,,,,,
2012-11-04,531.0,,,,,
2012-11-05,531.0,,,,,
2012-11-06,531.0,,,,,
2012-11-07,531.0,,,,,
2012-11-08,531.0,,,,,
2012-11-09,531.0,,,,,
2012-11-10,531.0,,,,,
2012-11-11,531.0,,,,,
2012-11-12,531.0,,,,,
2012-11-13,531.0,,,,,
2012-11-14,531.0,,,,,
2012-11-15,531.0,,,,,
2012-11-16,531.0,,,,,
2012-11-17,531.0,,,,,
2012-11-18,531.0,,,,,
2012-11-19,531.0,,,,,
2012-11-20,531.0,,,,,
2012-11-21,531.0,,,,,
2012-11-22,531.0,,,,,
2012-11-23,531.0,,,,,
2012-11-24,531.0,,,,,
2012-11-25,531.0,,,,,
2012-11-26,531.0,,,,,
2012-11-27,531.0,,,,,
2012-11-28,531.0,,,,,
2012-11-29,531.0,,,,,
2012-11-30,531.0,,,,,
2012-12-01,531.0,,,,,
2012-12-02,531.0,,,,,
2012-12-03,531.0,,,,,
2012-12-04,531.0,,,,,
2012-12-05,531.0,,,,,
2012-12-06,531.0,,,,,
2012-12-07,531.0,,,,,
2012-12-08,531.0,,,,,
2012-12-09,531.0,,,,,
2012-12-10,531.0,,,,,
2012-12-11,531.0,,,,,
2012-12-12,531.0,,,,,
2012-12-13,531.0,,,,,
2012-12-14,531.0,,,,,
2012-12-15,531.0,,,,,
2012-12-16,531.0,,,,,
2012-12-17,531.0,,,,,
2012-12-18,531.0,,,,,
2012-12-19,531.0,,,,,
2012-12-20,531.0,,,,,
2012-12-21,531.0,,,,,
2012-12-22,531.0,,,,,
2012-12-23,531.0,,,,,
2012-12-24,531.0,,,,,
2012-12-25,531.0,,,,,
2012-12-26,531.0,,,,,
2012-12-27,531.0,,,,,
2012-12-28,531.0,,,,,
2012-12-29,531.0,,,,,
2012-12-30,531.0,,,,,
2012-12-31,531.0,,,,,
2013-01-01,531.0,,,,,
2013-01-02,531.0,,,,,
2013-01-03,531.0,,,,,
2013-01-04,531.0,,,,,
2013-01-05,531.0,,,,,
2013-01-06,531.0,,,,,
2013-01-07,531.0,,,,,
2013-01-08,531.0,,,,,
2013-01-09,531.0,,,,,
2013-01-10,531.0,,,,,
2013-01-11,531.0,,,,,
2013-01-12,531.0,,,,,
2013-01-13,531.0,,,,,
2013-01-14,531.0,,,,,
2013-01-15,531.0,,,,,
2013-01-16,531.0,,,,,
2013-01-17,531.0,,,,,
2013-01-18,531.0,,,,,
2013-01-19,531.0,,,,,
2013-01-20,531.0,,,,,
2013-01-21,531.0,,,,,
2013-01-22,531.0,,,,,
2013-01-23,531.0,,,,,
2013-01-24,531.0,,,,,
2013-01-25,531.0,,,,,
2013-01-26,531.0,,,,,
2013-01-27,531.0,,,,,
2013-01-28,531.0,,,,,
2013-01-29,531.0,,,,,
2013-01-30,531.0,,,,,
2013-01-31,531.0,,,,,
2013-02-01,531.0,,,,,
2013-02-02,531.0,,,,,
2013-02-03,531.0,,,,,
2013-02-04,531.0,,,,,
2013-02-05,531.0,,,,,
2013-02-06,531.0,,,,,
2013-02-07,531.0,,,,,
2013-02-08,531.0,,,,,
2013-02-09,531.0,,,,,
2013-02-10,531.0,,,,,
2013-02-11,531.0,,,,,
2013-02-12,531.0,,,,,
2013-02-13,531.0,,,,,
2013-02-14,531.0,,,,,
2013-02-15,531.0,,,,,
2013-02-16,531.0,,,,,
2013-02-17,531.0,,,,,
2013-02-18,531.0,,,,,
2013-02-19,531.0,,,,,
2013-02-20,531.0,,,,,
2013-02-21,531.0,,,,,
2013-02-22,531.0,,,,,
2013-02-23,531.0,,,,,
2013-02-24,531.0,,,,,
2013-02-25,531.0,,,,,
2013-02-26,531.0,,,,,
2013-02-27,531.0,,,,,
2013-02-28,531.0,,,,,
2013-03-01,531.0,,,,,
2013-03-02,531.0,,,,,
2013-03-03,531.0,,,,,
2013-03-04,531.0,,,,,
2013-03-05,531.0,,,,,
2013-03-06,531.0,,,,,
2013-03-07,531.0,,,,,
2013-03-08,531.0,,,,,
2013-03-09,531.0,,,,,
2013-03-10,531.0,,,,,
2013-03-11,531.0,,,,,
2013-03-12,531.0,,,,,
2013-03-13,531.0,,,,,
2013-03-14,531.0,,,,,
2013-03-15,531.0,,,,,
2013-03-16,531.0,,,,,
2013-03-17,531.0,,,,,
2013-03-18,531.0,,,,,
2013-03-19,531.0,,,,,
2013-03-20,531.0,,,,,
2013-03-21,531.0,,,,,
2013-03-22,531.0,,,,,
2013-03-23,531.0,,,,,
2013-03-24,531.0,,,,,
2013-03-25,531.0,,,,,
2013-03-26,531.0,,,,,
2013-03-27,531.0,,,,,
2013-03-28,531.0,,,,,
2013-03-29,531.0,,,,,
2013-03-30,531.0,,,,,
2013-03-31,531.0,,,,,
2013-04-01,531.0,,,,,
2013-04-02,531.0,,,,,
2013-04-03,531.0,,,,,
2013-04-04,531.0,,,,,
2013-04-05,531.0,,,,,
2013-04-06,531.0,,,,,
2013-04-07,531.0,,,,,
2013-04-08,531.0,,,,,
2013-04-09,531.0,,,,,
2013-04-10,531.0,,,,,
2013-04-11,531.0,,,,,
2013-04-12,531.0,,,,,
2013-04-13,531.0,,,,,
2013-04-14,531.0,,,,,
2013-04-15,531.0,,,,,
2013-04-16,531.0,,,,,
2013-04-17,531.0,,,,,
2013-04-18,531.0,,,,,
2013-04-19,531.0,,,,,
2013-04-20,531.0,,,,,
2013-04-21,531.0,,,,,
2013-04-22,531.0,,,,,
2013-04-23,531.0,,,,,
2013-04-24,531.0,,,,,
2013-04-25,531.0,,,,,
2013-04-26,531.0,,,,,
2013-04-27,531.0,,,,,
2013-04-28,531.0,,,,,
2013-04-29,531.0,,,,,
2013-04-30,531.0,,,,,
2013-05-01,531.0,,,,,
2013-05-02,531.0,,,,,
2013-05-03,531.0,,,,,
2013-05-04,531.0,,,,,
2013-05-05,531.0,,,,,
2013-05-06,531.0,,,,,
2013-05-07,531.0,,,,,
2013-05-08,531.0,,,,,
2013-05-09,531.0,,,,,
2013-05-10,531.0,,,,,
2013-05-11,531.0,,,,,
2013-05-12,531.0,,,,,
2013-05-13,531.0,,,,,
2013-05-14,531.0,,,,,
2013-05-15,531.0,,,,,
2013-05-16,531.0,,,,,
2013-05-17,531.0,,,,,
2013-05-18,531.0,,,,,
2013-05-19,531.0,,,,,
2013-05-20,531.0,,,,,
2013-05-21,531.0,,,,,
2013-05-22,531.0,,,,,
2013-05-23,531.0,,,,,
2013-05-24,531.0,,,,,
2013-05-25,531.0,,,,,
2013-05-26,531.0,,,,,
2013-05-27,531.0,,,,,
2013-05-28,531.0,,,,,
2013-05-29,531.0,,,,,
2013-05-30,531.0,,,,,
2013-05-31,531.0,,,,,
2013-06-01,531.0,,,,,
2013-06-02,531.0,,,,,
2013-06-03,531.0,,,,,
2013-06-04,531.0,,,,,
2013-06-05,531.0,,,,,
2013-06-06,531.0,,,,,
2013-06-07,531.0,,,,,
2013-06-08,531.0,,,,,
2013-06-09,531.0,,,,,
2013-06-10,531.0,,,,,
2013-06-11,531.0,,,,,
2013-06-12,531.0,,,,,
2013-06-13,531.0,,,,,
2013-06-14,531.0,,,,,
2013-06-15,531.0,,,,,
2013-06-16,531.0,,,,,
2013-06-17,531.0,,,,,
2013-06-18,531.0,,,,,
2013-06-19,531.0,,,,,
2013-06-20,531.0,,,,,
2013-06-21,531.0,,,,,
2013-06-22,531.0,,,,,
2013-06-23,531.0,,,,,
2013-06-24,531.0,,,,,
2013-06-25,531.0,,,,,
2013-06-26,531.0,,,,,
2013-06-27,531.0,,,,,
2013-06-28,531.0,,,,,
2013-06-29,531.0,,,,,
2013-06-30,531.0,,,,,
2013-07-01,531.0,,,,,
2013-07-02,531.0,,,,,
2013-07-03,531.0,,,,,
2013-07-04,531.0,,,,,
2013-07-05,531.0,,,,,
2013-07-06,531.0,,,,,
2013-07-07,531.0,,,,,
2013-07-08,531.0,,,,,
2013-07-09,531.0,,,,,
2013-07-10,531.0,,,,,
2013-07-11,531.0,,,,,
2013-07-12,531.0,,,,,
2013-07-13,531.0,,,,,
2013-07-14,531.0,,,,,
2013-07-15,531.0,,,,,
2013-07-16,531.0,,,,,
2013-07-17,531.0,,,,,
2013-07-18,531.0,,,,,
2013-07-19,531.0,,,,,
2013-07-20,531.0,,,,,
2013-07-21,531.0,,,,,
2013-07-22,531.0,,,,,
2013-07-23,531.0,,,,,
2013-07-24,531.0,,,,,
2013-07-25,531.0,,,,,
2013-07-26,531.0,,,,,
2013-07-27,531.0,,,,,
2013-07-28,531.0,,,,,
2013-07-29,531.0,,,,,
2013-07-30,531.0,,,,,
2013-07-31,531.0,,,,,
2013-08-01,531.0,,,,,
2013-08-02,531.0,,,,,
2013-08-03,531.0,,,,,
2013-08-04,531.0,,,,,
2013-08-05,531.0,,,,,
2013-08-06,531.0,,,,,
2013-08-07,531.0,,,,,
2013-08-08,531.0,,,,,
2013-08-09,531.0,,,,,
2013-08-10,531.0,,,,,
2013-08-11,531.0,,,,,
2013-08-12,531.0,,,,,
2013-08-13,531.0,,,,,
2013-08-14,531.0,,,,,
2013-08-15,531.0,,,,,
2013-08-16,531.0,,,,,
2013-08-17,531.0,,,,,
2013-08-18,531.0,,,,,
2013-08-19,531.0,,,,,
2013-08-20,531.0,,,,,
2013-08-21,531.0,,,,,
2013-08-22,531.0,,,,,
2013-08-23,531.0,,,,,
2013-08-24,531.0,,,,,
2013-08-25,531.0,,,,,
2013-08-26,531.0,,,,,
2013-08-27,531.0,,,,,
2013-08-28,531.0,,,,,
2013-08-29,531.0,,,,,
2013-08-30,531.0,,,,,
2013-08-31,531.0,,,,,
2013-09-01,531.0,,,,,
2013-09-02,531.0,,,,,
2013-09-03,531.0,,,,,
2013-09-04,531.0,,,,,
2013-09-05,531.0,,,,,
2013-09-06,531.0,,,,,
2013-09-07,531.0,,,,,
2013-09-08,531.0,,,,,
2013-09-09,531.0,,,,,
2013-09-10,531.0,,,,,
2013-09-11,531.0,,,,,
2013-09-12,531.0,,,,,
2013-09-13,531.0,,,,,
2013-09-14,531.0,,,,,
2013-09-15,531.0,,,,,
2013-09-16,531.0,,,,,
2013-09-17,531.0,,,,,
2013-09-18,531.0,,,,,
2013-09-19,531.0,,,,,
2013-09-20,531.0,,,,,
2013-09-21,531.0,,,,,
2013-09-22,531.0,,,,,
2013-09-23,531.0,,,,,
2013-09-24,531.0,,,,,
2013-09-25,531.0,,,,,
2013-09-26,531.0,,,,,
2013-09-27,531.0,,,,,
2013-09-28,531.0,,,,,
2013-09-29,531.0,,,,,
2013-09-30,531.0,,,,,
2013-10-01,531.0,,,,,
2013-10-02,531.0,,,,,
2013-10-03,531.0,,,,,
2013-10-04,531.0,,,,,
2013-10-05,531.0,,,,,
2013-10-06,531.0,,,,,
2013-10-07,531.0,,,,,
2013-10-08,531.0,,,,,
2013-10-09,531.0,,,,,
2013-10-10,531.0,,,,,
2013-10-11,531.0,,,,,
2013-10-12,531.0,,,,,
2013-10-13,531.0,,,,,
2013-10-14,531.0,,,,,
2013-10-15,531.0,,,,,
2013-10-16,531.0,,,,,
2013-10-17,531.0,,,,,
2013-10-18,531.0,,,,,
2013-10-19,531.0,,,,,
2013-10-20,531.0,,,,,
2013-10-21,531.0,,,,,
2013-10-22,531.0,,,,,
2013-10-23,531.0,,,,,
2013-10-24,531.0,,,,,
2013-10-25,531.0,,,,,
2013-10-26,531.0,,,,,
2013-10-27,531.0,,,,,
2013-10-28,531.0,,,,,
2013-10-29,531.0,,,,,
2013-10-30,531.0,,,,,
2013-10-31,531.0,,,,,
2013-11-01,531.0,,,,,
2013-11-02,531.0,,,,,
2013-11-03,531.0,,,,,
2013-11-04,531.0,,,,,
2013-11-05,531.0,,,,,
2013-11-06,531.0,,,,,
2013-11-07,531.0,,,,,
2013-11-08,531.0,,,,,
2013-11-09,531.0,,,,,
2013-11-10,531.0,,,,,
2013-11-11,531.0,,,,,
2013-11-12,531.0,,,,,
2013-11-13,531.0,,,,,
2013-11-14,531.0,,,,,
2013-11-15,531.0,,,,,
2013-11-16,531.0,,,,,
2013-11-17,531.0,,,,,
2013-11-18,531.0,,,,,
2013-11-19,531.0,,,,,
2013-11-20,531.0,,,,,
2013-11-21,531.0,,,,,
2013-11-22,531.0,,,,,
2013-11-23,531.0,,,,,
2013-11-24,531.0,,,,,
2013-11-25,531.0,,,,,
2013-11-26,531.0,,,,,
2013-11-27,531.0,,,,,
2013-11-28,531.0,,,,,
2013-11-29,531.0,,,,,
2013-11-30,531.0,,,,,
2013-12-01,531.0,,,,,
2013-12-02,531.0,,,,,
2013-12-03,531.0,,,,,
2013-12-04,531.0,,,,,
2013-12-05,531.0,,,,,
2013-12-06,531.0,,,,,
2013-12-07,531.0,,,,,
2013-12-08,531.0,,,,,
2013-12-09,531.0,,,,,
2013-12-10,531.0,,,,,
2013-12-11,531.0,,,,,
2013-12-12,531.0,,,,,
2013-12-13,531.0,,,,,
2013-12-14,531.0,,,,,
2013-12-15,531.0,,,,,
2013-12-16,531.0,,,,,
2013-12-17,531.0,,,,,
2013-12-18,531.0,,,,,
2013-12-19,531.0,,,,,
2013-12-20,531.0,,,,,
2013-12-21,531.0,,,,,
2013-12-22,531.0,,,,,
2013-12-23,531.0,,,,,
2013-12-24,531.0,,,,,
2013-12-25,531.0,,,,,
2013-12-26,531.0,,,,,
2013-12-27,531.0,,,,,
2013-12-28,531.0,,,,,
2013-12-29,531.0,,,,,
2013-12-30,531.0,,,,,
2013-12-31,531.0,,,,,
2014-01-01,531.0,1.0,0.0,4.0,40.0,154.0
2014-01-02,531.0,,,,,
2014-01-03,531.0,,,,,
2014-01-04,531.0,,,,,
2014-01-05,531.0,,,,,
2014-01-06,531.0,,,,,
2014-01-07,531.0,,,,,
2014-01-08,531.0,,,,,
2014-01-09,531.0,,,,,
2014-01-10,531.0,,,,,
2014-01-11,531.0,,,,,
2014-01-12,531.0,,,,,
2014-01-13,531.0,,,,,
2014-01-14,531.0,,,,,
2014-01-15,531.0,1.0,0.0,4.0,46.0,291.0
2014-01-16,531.0,,,,,
2014-01-17,531.0,,,,,
2014-01-18,531.0,,,,,
2014-01-19,531.0,,,,,
2014-01-20,531.0,1.0,0.0,4.0,41.0,289.0
2014-01-21,531.0,,,,,
2014-01-22,531.0,,,,,
2014-01-23,531.0,1.0,0.0,4.0,41.0,192.0
2014-01-24,531.0,,,,,
2014-01-25,531.0,,,,,
2014-01-26,531.0,,,,,
2014-01-27,531.0,,,,,
2014-01-28,531.0,1.0,0.0,4.0,37.0,280.0
2014-01-29,531.0,,,,,
2014-01-30,531.0,,,,,
2014-01-31,531.0,,,,,
2014-02-01,531.0,,,,,
2014-02-02,531.0,,,,,
2014-02-03,531.0,,,,,
2014-02-04,531.0,1.0,0.0,4.0,44.0,219.0
2014-02-05,531.0,,,,,
2014-02-06,531.0,1.0,0.0,4.0,47.0,198.0
2014-02-07,531.0,1.0,0.0,4.0,33.0,224.0
2014-02-08,531.0,,,,,
2014-02-09,531.0,1.0,0.0,4.0,36.0,174.0
2014-02-10,531.0,,,,,
2014-02-11,531.0,,,,,
2014-02-12,531.0,,,,,
2014-02-13,531.0,,,,,
2014-02-14,531.0,1.0,0.0,4.0,50.0,115.0
2014-02-15,531.0,,,,,
2014-02-16,531.0,,,,,
2014-02-17,531.0,,,,,
2014-02-18,531.0,,,,,
2014-02-19,531.0,1.0,0.0,4.0,49.0,263.0
2014-02-20,531.0,,,,,
2014-02-21,531.0,,,,,
2014-02-22,531.0,,,,,
2014-02-23,531.0,,,,,
2014-02-24,531.0,1.0,0.0,4.0,49.0,197.0
2014-02-25,531.0,,,,,
2014-02-26,531.0,,,,,
2014-02-27,531.0,1.0,0.0,4.0,51.0,254.0
2014-02-28,531.0,,,,,
2014-03-01,531.0,,,,,
2014-03-02,531.0,1.0,0.0,4.0,37.0,326.0
2014-03-03,531.0,,,,,
2014-03-04,531.0,,,,,
2014-03-05,531.0,,,,,
2014-03-06,531.0,,,,,
2014-03-07,531.0,,,,,
2014-03-08,531.0,,,,,
2014-03-09,531.0,,,,,
2014-03-10,531.0,,,,,
2014-03-11,531.0,,,,,
2014-03-12,531.0,1.0,0.0,4.0,39.0,225.0
2014-03-13,531.0,1.0,0.0,4.0,45.0,167.0
2014-03-14,531.0,,,,,
2014-03-15,531.0,,,,,
2014-03-16,531.0,,,,,
2014-03-17,531.0,,,,,
2014-03-18,531.0,,,,,
2014-03-19,531.0,,,,,
2014-03-20,531.0,,,,,
2014-03-21,531.0,,,,,
2014-03-22,531.0,,,,,
2014-03-23,531.0,,,,,
2014-03-24,531.0,1.0,0.0,4.0,48.0,220.0
2014-03-25,531.0,,,,,
2014-03-26,531.0,,,,,
2014-03-27,531.0,1.0,0.0,4.0,40.0,234.0
2014-03-28,531.0,,,,,
2014-03-29,531.0,,,,,
2014-03-30,531.0,,,,,
2014-03-31,531.0,,,,,
2014-04-01,531.0,,,,,
2014-04-02,531.0,,,,,
2014-04-03,531.0,,,,,
2014-04-04,531.0,,,,,
2014-04-05,531.0,,,,,
2014-04-06,531.0,,,,,
2014-04-07,531.0,,,,,
2014-04-08,531.0,1.0,0.0,4.0,42.0,111.0
2014-04-09,531.0,,,,,
2014-04-10,531.0,,,,,
2014-04-11,531.0,,,,,
2014-04-12,531.0,,,,,
2014-04-13,531.0,,,,,
2014-04-14,531.0,,,,,
2014-04-15,531.0,1.0,0.0,4.0,42.0,334.0
2014-04-16,531.0,,,,,
2014-04-17,531.0,,,,,
2014-04-18,531.0,,,,,
2014-04-19,531.0,,,,,
2014-04-20,531.0,,,,,
2014-04-21,531.0,1.0,0.0,4.0,41.0,130.0
2014-04-22,531.0,,,,,
2014-04-23,531.0,,,,,
2014-04-24,531.0,1.0,0.0,4.0,50.0,163.0
2014-04-25,531.0,,,,,
2014-04-26,531.0,,,,,
2014-04-27,531.0,,,,,
2014-04-28,531.0,,,,,
2014-04-29,531.0,1.0,0.0,4.0,44.0,137.0
2014-04-30,531.0,,,,,
2014-05-01,531.0,,,,,
2014-05-02,531.0,,,,,
2014-05-03,531.0,1.0,0.0,4.0,44.0,135.0
2014-05-04,531.0,,,,,
2014-05-05,531.0,1.0,0.0,4.0,45.0,257.0
2014-05-06,531.0,1.0,0.0,4.0,41.0,215.0
2014-05-07,531.0,,,,,
2014-05-08,531.0,,,,,
2014-05-09,531.0,1.0,0.0,4.0,39.0,62.0
2014-05-10,531.0,,,,,
2014-05-11,531.0,1.0,0.0,4.0,38.0,210.0
2014-05-12,531.0,,,,,
2014-05-13,531.0,1.0,0.0,4.0,33.0,146.0
2014-05-14,531.0,,,,,
2014-05-15,531.0,,,,,
2014-05-16,531.0,,,,,
2014-05-17,531.0,,,,,
2014-05-18,531.0,,,,,
2014-05-19,531.0,1.0,0.0,4.0,36.0,146.0
2014-05-20,531.0,,,,,
2014-05-21,531.0,,,,,
2014-05-22,531.0,1.0,0.0,4.0,43.0,109.0
2014-05-23,531.0,,,,,
2014-05-24,531.0,,,,,
2014-05-25,531.0,,,,,
2014-05-26,531.0,,,,,
2014-05-27,531.0,1.0,0.0,4.0,36.0,206.0
2014-05-28,531.0,,,,,
2014-05-29,531.0,,,,,
2014-05-30,531.0,,,,,
2014-05-31,531.0,,,,,
2014-06-01,531.0,1.0,0.0,4.0,41.0,232.0
2014-06-02,531.0,1.0,0.0,4.0,49.0,297.0
2014-06-03,531.0,,,,,
2014-06-04,531.0,,,,,
2014-06-05,531.0,,,,,
2014-06-06,531.0,,,,,
2014-06-07,531.0,,,,,
2014-06-08,531.0,,,,,
2014-06-09,531.0,,,,,
2014-06-10,531.0,,,,,
2014-06-11,531.0,,,,,
2014-06-12,531.0,,,,,
2014-06-13,531.0,1.0,0.0,4.0,34.0,138.0
2014-06-14,531.0,,,,,
2014-06-15,531.0,,,,,
2014-06-16,531.0,,,,,
2014-06-17,531.0,,,,,
2014-06-18,531.0,1.0,0.0,4.0,39.0,203.0
2014-06-19,531.0,,,,,
2014-06-20,531.0,,,,,
2014-06-21,531.0,,,,,
2014-06-22,531.0,,,,,
2014-06-23,531.0,1.0,0.0,4.0,35.0,168.0
2014-06-24,531.0,,,,,
2014-06-25,531.0,,,,,
2014-06-26,531.0,1.0,0.0,4.0,37.0,132.0
2014-06-27,531.0,,,,,
2014-06-28,531.0,,,,,
2014-06-29,531.0,,,,,
2014-06-30,531.0,,,,,
2014-07-01,531.0,,,,,
2014-07-02,531.0,,,,,
2014-07-03,531.0,,,,,
2014-07-04,531.0,1.0,0.0,4.0,42.0,130.0
2014-07-05,531.0,,,,,
2014-07-06,531.0,,,,,
2014-07-07,531.0,1.0,0.0,4.0,35.0,272.0
2014-07-08,531.0,1.0,0.0,4.0,38.0,154.0
2014-07-09,531.0,,,,,
2014-07-10,531.0,1.0,0.0,4.0,32.0,150.0
2014-07-11,531.0,,,,,
2014-07-12,531.0,,,,,
2014-07-13,531.0,,,,,
2014-07-14,531.0,,,,,
2014-07-15,531.0,1.0,0.0,4.0,37.0,124.0
2014-07-16,531.0,,,,,
2014-07-17,531.0,,,,,
2014-07-18,531.0,,,,,
2014-07-19,531.0,,,,,
2014-07-20,531.0,,,,,
2014-07-21,531.0,,,,,
2014-07-22,531.0,,,,,
2014-07-23,531.0,1.0,0.0,4.0,36.0,68.0
2014-07-24,531.0,,,,,
2014-07-25,531.0,,,,,
2014-07-26,531.0,,,,,
2014-07-27,531.0,,,,,
2014-07-28,531.0,1.0,0.0,4.0,38.0,129.0
2014-07-29,531.0,,,,,
2014-07-30,531.0,,,,,
2014-07-31,531.0,,,,,
2014-08-01,531.0,,,,,
2014-08-02,531.0,,,,,
2014-08-03,531.0,,,,,
2014-08-04,531.0,,,,,
2014-08-05,531.0,1.0,0.0,4.0,39.0,210.0
2014-08-06,531.0,,,,,
2014-08-07,531.0,,,,,
2014-08-08,531.0,,,,,
2014-08-09,531.0,,,,,
2014-08-10,531.0,,,,,
2014-08-11,531.0,,,,,
2014-08-12,531.0,1.0,0.0,4.0,40.0,189.0
2014-08-13,531.0,,,,,
2014-08-14,531.0,,,,,
2014-08-15,531.0,,,,,
2014-08-16,531.0,,,,,
2014-08-17,531.0,,,,,
2014-08-18,531.0,,,,,
2014-08-19,531.0,1.0,0.0,4.0,34.0,146.0
2014-08-20,531.0,,,,,
2014-08-21,531.0,,,,,
2014-08-22,531.0,1.0,0.0,4.0,36.0,177.0
2014-08-23,531.0,,,,,
2014-08-24,531.0,,,,,
2014-08-25,531.0,,,,,
2014-08-26,531.0,,,,,
2014-08-27,531.0,1.0,0.0,4.0,32.0,134.0
2014-08-28,531.0,,,,,
2014-08-29,531.0,,,,,
2014-08-30,531.0,,,,,
2014-08-31,531.0,,,,,
2014-09-01,531.0,1.0,0.0,4.0,44.0,402.0
2014-09-02,531.0,,,,,
2014-09-03,531.0,,,,,
2014-09-04,531.0,,,,,
2014-09-05,531.0,,,,,
2014-09-06,531.0,,,,,
2014-09-07,531.0,,,,,
2014-09-08,531.0,,,,,
2014-09-09,531.0,,,,,
2014-09-10,531.0,,,,,
2014-09-11,531.0,,,,,
2014-09-12,531.0,,,,,
2014-09-13,531.0,,,,,
2014-09-14,531.0,,,,,
2014-09-15,531.0,1.0,0.0,4.0,37.0,80.0
2014-09-16,531.0,,,,,
2014-09-17,531.0,,,,,
2014-09-18,531.0,1.0,0.0,4.0,36.0,107.0
2014-09-19,531.0,,,,,
2014-09-20,531.0,,,,,
2014-09-21,531.0,,,,,
2014-09-22,531.0,,,,,
2014-09-23,531.0,1.0,0.0,4.0,38.0,92.0
2014-09-24,531.0,,,,,
2014-09-25,531.0,,,,,
2014-09-26,531.0,1.0,0.0,4.0,35.0,101.0
2014-09-27,531.0,,,,,
2014-09-28,531.0,,,,,
2014-09-29,531.0,,,,,
2014-09-30,531.0,,,,,
2014-10-01,531.0,,,,,
2014-10-02,531.0,,,,,
2014-10-03,531.0,1.0,0.0,4.0,41.0,129.0
2014-10-04,531.0,,,,,
2014-10-05,531.0,,,,,
2014-10-06,531.0,1.0,0.0,4.0,32.0,221.0
2014-10-07,531.0,1.0,0.0,4.0,37.0,104.0
2014-10-08,531.0,,,,,
2014-10-09,531.0,1.0,0.0,4.0,41.0,84.0
2014-10-10,531.0,1.0,0.0,4.0,37.0,134.0
2014-10-11,531.0,,,,,
2014-10-12,531.0,,,,,
2014-10-13,531.0,,,,,
2014-10-14,531.0,,,,,
2014-10-15,531.0,1.0,0.0,4.0,45.0,115.0
2014-10-16,531.0,,,,,
2014-10-17,531.0,,,,,
2014-10-18,531.0,,,,,
2014-10-19,531.0,,,,,
2014-10-20,531.0,1.0,0.0,4.0,48.0,230.0
2014-10-21,531.0,,,,,
2014-10-22,531.0,1.0,0.0,6.0,82.0,348.0
2014-10-23,531.0,,,,,
2014-10-24,531.0,,,,,
2014-10-25,531.0,,,,,
2014-10-26,531.0,,,,,
2014-10-27,531.0,1.0,0.0,4.0,44.0,209.0
2014-10-28,531.0,,,,,
2014-10-29,531.0,,,,,
2014-10-30,531.0,1.0,0.0,4.0,41.0,206.0
2014-10-31,531.0,,,,,
2014-11-01,531.0,,,,,
2014-11-02,531.0,1.0,0.0,4.0,38.0,246.0
2014-11-03,531.0,,,,,
2014-11-04,531.0,,,,,
2014-11-05,531.0,,,,,
2014-11-06,531.0,,,,,
2014-11-07,531.0,,,,,
2014-11-08,531.0,,,,,
2014-11-09,531.0,,,,,
2014-11-10,531.0,,,,,
2014-11-11,531.0,1.0,0.0,4.0,39.0,236.0
2014-11-12,531.0,1.0,0.0,4.0,39.0,228.0
2014-11-13,531.0,,,,,
2014-11-14,531.0,1.0,0.0,4.0,40.0,192.0
2014-11-15,531.0,,,,,
2014-11-16,531.0,,,,,
2014-11-17,531.0,,,,,
2014-11-18,531.0,,,,,
2014-11-19,531.0,1.0,0.0,4.0,36.0,247.0
2014-11-20,531.0,,,,,
2014-11-21,531.0,,,,,
2014-11-22,531.0,,,,,
2014-11-23,531.0,,,,,
2014-11-24,531.0,1.0,0.0,4.0,39.0,215.0
2014-11-25,531.0,,,,,
2014-11-26,531.0,,,,,
2014-11-27,531.0,1.0,0.0,4.0,37.0,420.0
2014-11-28,531.0,,,,,
2014-11-29,531.0,,,,,
2014-11-30,531.0,,,,,
2014-12-01,531.0,,,,,
2014-12-02,531.0,,,,,
2014-12-03,531.0,,,,,
2014-12-04,531.0,,,,,
2014-12-05,531.0,,,,,
2014-12-06,531.0,,,,,
2014-12-07,531.0,,,,,
2014-12-08,531.0,1.0,0.0,4.0,35.0,126.0
2014-12-09,531.0,,,,,
2014-12-10,531.0,,,,,
2014-12-11,531.0,,,,,
2014-12-12,531.0,,,,,
2014-12-13,531.0,,,,,
2014-12-14,531.0,,,,,
2014-12-15,531.0,,,,,
2014-12-16,531.0,1.0,0.0,4.0,36.0,229.0
2014-12-17,531.0,,,,,
2014-12-18,531.0,,,,,
2014-12-19,531.0,1.0,0.0,4.0,34.0,382.0
2014-12-20,531.0,,,,,
2014-12-21,531.0,,,,,
2014-12-22,531.0,,,,,
2014-12-23,531.0,,,,,
2014-12-24,531.0,,,,,
2014-12-25,531.0,,,,,
2014-12-26,531.0,,,,,
2014-12-27,531.0,,,,,
2014-12-28,531.0,,,,,
2014-12-29,531.0,,,,,
2014-12-30,531.0,1.0,0.0,4.0,31.0,309.0
2014-12-31,531.0,,,,,
2015-01-01,531.0,,,,,
2015-01-02,531.0,,,,,
2015-01-03,531.0,,,,,
2015-01-04,531.0,,,,,
2015-01-05,531.0,1.0,0.0,4.0,35.0,221.0
2015-01-06,531.0,,,,,
2015-01-07,531.0,,,,,
2015-01-08,531.0,1.0,0.0,4.0,38.0,171.0
2015-01-09,531.0,,,,,
2015-01-10,531.0,,,,,
2015-01-11,531.0,,,,,
2015-01-12,531.0,,,,,
2015-01-13,531.0,1.0,0.0,4.0,34.0,242.0
2015-01-14,531.0,,,,,
2015-01-15,531.0,,,,,
2015-01-16,531.0,1.0,0.0,4.0,40.0,202.0
2015-01-17,531.0,,,,,
2015-01-18,531.0,,,,,
2015-01-19,531.0,,,,,
2015-01-20,531.0,,,,,
2015-01-21,531.0,1.0,0.0,4.0,35.0,277.0
2015-01-22,531.0,,,,,
2015-01-23,531.0,,,,,
2015-01-24,531.0,,,,,
2015-01-25,531.0,,,,,
2015-01-26,531.0,,,,,
2015-01-27,531.0,1.0,0.0,4.0,34.0,170.0
2015-01-28,531.0,,,,,
2015-01-29,531.0,,,,,
2015-01-30,531.0,,,,,
2015-01-31,531.0,,,,,
2015-02-01,531.0,,,,,
2015-02-02,531.0,1.0,0.0,4.0,35.0,393.0
2015-02-03,531.0,,,,,
2015-02-04,531.0,,,,,
2015-02-05,531.0,1.0,0.0,4.0,33.0,282.0
2015-02-06,531.0,,,,,
2015-02-07,531.0,,,,,
2015-02-08,531.0,,,,,
2015-02-09,531.0,,,,,
2015-02-10,531.0,1.0,0.0,4.0,35.0,156.0
2015-02-11,531.0,,,,,
2015-02-12,531.0,,,,,
2015-02-13,531.0,1.0,0.0,4.0,36.0,190.0
2015-02-14,531.0,,,,,
2015-02-15,531.0,,,,,
2015-02-16,531.0,,,,,
2015-02-17,531.0,,,,,
2015-02-18,531.0,1.0,0.0,4.0,34.0,243.0
2015-02-19,531.0,,,,,
2015-02-20,531.0,,,,,
2015-02-21,531.0,,,,,
2015-02-22,531.0,,,,,
2015-02-23,531.0,1.0,0.0,4.0,35.0,257.0
2015-02-24,531.0,,,,,
2015-02-25,531.0,,,,,
2015-02-26,531.0,,,,,
2015-02-27,531.0,,,,,
2015-02-28,531.0,,,,,
2015-03-01,531.0,,,,,
2015-03-02,531.0,,,,,
2015-03-03,531.0,,,,,
2015-03-04,531.0,1.0,0.0,4.0,33.0,227.0
2015-03-05,531.0,,,,,
2015-03-06,531.0,,,,,
2015-03-07,531.0,,,,,
2015-03-08,531.0,,,,,
2015-03-09,531.0,,,,,
2015-03-10,531.0,1.0,0.0,4.0,36.0,99.0
2015-03-11,531.0,,,,,
2015-03-12,531.0,,,,,
2015-03-13,531.0,1.0,0.0,4.0,35.0,225.0
2015-03-14,531.0,,,,,
2015-03-15,531.0,,,,,
2015-03-16,531.0,,,,,
2015-03-17,531.0,,,,,
2015-03-18,531.0,1.0,0.0,4.0,28.0,121.0
2015-03-19,531.0,,,,,
2015-03-20,531.0,,,,,
2015-03-21,531.0,,,,,
2015-03-22,531.0,,,,,
2015-03-23,531.0,1.0,0.0,4.0,31.0,98.0
2015-03-24,531.0,,,,,
2015-03-25,531.0,,,,,
2015-03-26,531.0,1.0,0.0,4.0,32.0,171.0
2015-03-27,531.0,,,,,
2015-03-28,531.0,,,,,
2015-03-29,531.0,,,,,
2015-03-30,531.0,,,,,
2015-03-31,531.0,,,,,
2015-04-01,531.0,1.0,0.0,4.0,31.0,116.0
2015-04-02,531.0,,,,,
2015-04-03,531.0,,,,,
2015-04-04,531.0,,,,,
2015-04-05,531.0,,,,,
2015-04-06,531.0,,,,,
2015-04-07,531.0,,,,,
2015-04-08,531.0,,,,,
2015-04-09,531.0,1.0,0.0,4.0,34.0,127.0
2015-04-10,531.0,,,,,
2015-04-11,531.0,,,,,
2015-04-12,531.0,,,,,
2015-04-13,531.0,,,,,
2015-04-14,531.0,,,,,
2015-04-15,531.0,,,,,
2015-04-16,531.0,,,,,
2015-04-17,531.0,1.0,0.0,4.0,31.0,194.0
2015-04-18,531.0,,,,,
2015-04-19,531.0,,,,,
2015-04-20,531.0,,,,,
2015-04-21,531.0,,,,,
2015-04-22,531.0,1.0,0.0,4.0,33.0,209.0
2015-04-23,531.0,,,,,
2015-04-24,531.0,,,,,
2015-04-25,531.0,,,,,
2015-04-26,531.0,,,,,
2015-04-27,531.0,1.0,0.0,4.0,37.0,205.0
2015-04-28,531.0,,,,,
2015-04-29,531.0,,,,,
2015-04-30,531.0,,,,,
2015-05-01,531.0,1.0,0.0,4.0,35.0,233.0
2015-05-02,531.0,,,,,
2015-05-03,531.0,,,,,
2015-05-04,531.0,,,,,
2015-05-05,531.0,,,,,
2015-05-06,531.0,,,,,
2015-05-07,531.0,1.0,0.0,4.0,35.0,253.0
2015-05-08,531.0,,,,,
2015-05-09,531.0,,,,,
2015-05-10,531.0,,,,,
2015-05-11,531.0,,,,,
2015-05-12,531.0,1.0,0.0,4.0,35.0,235.0
2015-05-13,531.0,,,,,
2015-05-14,531.0,,,,,
2015-05-15,531.0,1.0,0.0,4.0,34.0,225.0
2015-05-16,531.0,,,,,
2015-05-17,531.0,,,,,
2015-05-18,531.0,,,,,
2015-05-19,531.0,,,,,
2015-05-20,531.0,1.0,0.0,4.0,31.0,237.0
2015-05-21,531.0,,,,,
2015-05-22,531.0,,,,,
2015-05-23,531.0,,,,,
2015-05-24,531.0,,,,,
2015-05-25,531.0,1.0,0.0,4.0,30.0,246.0
2015-05-26,531.0,,,,,
2015-05-27,531.0,,,,,
2015-05-28,531.0,1.0,0.0,4.0,31.0,267.0
2015-05-29,531.0,,,,,
2015-05-30,531.0,,,,,
2015-05-31,531.0,,,,,
2015-06-01,531.0,,,,,
2015-06-02,531.0,,,,,
2015-06-03,531.0,1.0,0.0,4.0,35.0,258.0
2015-06-04,531.0,,,,,
2015-06-05,531.0,,,,,
2015-06-06,531.0,,,,,
2015-06-07,531.0,,,,,
2015-06-08,531.0,1.0,0.0,4.0,33.0,167.0
2015-06-09,531.0,,,,,
2015-06-10,531.0,,,,,
2015-06-11,531.0,1.0,0.0,4.0,34.0,229.0
2015-06-12,531.0,,,,,
2015-06-13,531.0,,,,,
2015-06-14,531.0,,,,,
2015-06-15,531.0,,,,,
2015-06-16,531.0,1.0,0.0,4.0,34.0,228.0
2015-06-17,531.0,,,,,
2015-06-18,531.0,,,,,
2015-06-19,531.0,1.0,0.0,4.0,32.0,254.0
2015-06-20,531.0,,,,,
2015-06-21,531.0,,,,,
2015-06-22,531.0,,,,,
2015-06-23,531.0,,,,,
2015-06-24,531.0,1.0,0.0,4.0,33.0,198.0
2015-06-25,531.0,,,,,
2015-06-26,531.0,,,,,
2015-06-27,531.0,,,,,
2015-06-28,531.0,,,,,
2015-06-29,531.0,1.0,0.0,4.0,32.0,194.0
2015-06-30,531.0,,,,,
2015-07-01,531.0,,,,,
2015-07-02,531.0,,,,,
2015-07-03,531.0,1.0,0.0,4.0,31.0,252.0
2015-07-04,531.0,,,,,
2015-07-05,531.0,,,,,
2015-07-06,531.0,,,,,
2015-07-07,531.0,,,,,
2015-07-08,531.0,1.0,0.0,4.0,32.0,215.0
2015-07-09,531.0,,,,,
2015-07-10,531.0,,,,,
2015-07-11,531.0,,,,,
2015-07-12,531.0,,,,,
2015-07-13,531.0,1.0,0.0,4.0,34.0,243.0
2015-07-14,531.0,,,,,
2015-07-15,531.0,,,,,
2015-07-16,531.0,1.0,0.0,4.0,31.0,226.0
2015-07-17,531.0,,,,,
2015-07-18,531.0,,,,,
2015-07-19,531.0,,,,,
2015-07-20,531.0,,,,,
2015-07-21,531.0,1.0,0.0,4.0,29.0,146.0
2015-07-22,531.0,,,,,
2015-07-23,531.0,,,,,
2015-07-24,531.0,1.0,0.0,4.0,29.0,101.0
2015-07-25,531.0,,,,,
2015-07-26,531.0,,,,,
2015-07-27,531.0,,,,,
2015-07-28,531.0,,,,,
2015-07-29,531.0,1.0,0.0,4.0,28.0,416.0
2015-07-30,531.0,,,,,
2015-07-31,531.0,,,,,
2015-08-01,531.0,,,,,
2015-08-02,531.0,,,,,
2015-08-03,531.0,,,,,
2015-08-04,531.0,1.0,0.0,4.0,28.0,171.0
2015-08-05,531.0,,,,,
2015-08-06,531.0,,,,,
2015-08-07,531.0,1.0,0.0,4.0,29.0,162.0
2015-08-08,531.0,,,,,
2015-08-09,531.0,,,,,
2015-08-10,531.0,,,,,
2015-08-11,531.0,,,,,
2015-08-12,531.0,1.0,0.0,4.0,32.0,306.0
2015-08-13,531.0,,,,,
2015-08-14,531.0,,,,,
2015-08-15,531.0,,,,,
2015-08-16,531.0,,,,,
2015-08-17,531.0,1.0,0.0,4.0,29.0,184.0
2015-08-18,531.0,,,,,
2015-08-19,531.0,,,,,
2015-08-20,531.0,1.0,0.0,4.0,33.0,156.0
2015-08-21,531.0,,,,,
2015-08-22,531.0,,,,,
2015-08-23,531.0,,,,,
2015-08-24,531.0,,,,,
2015-08-25,531.0,1.0,0.0,4.0,35.0,158.0
2015-08-26,531.0,,,,,
2015-08-27,531.0,,,,,
2015-08-28,531.0,1.0,0.0,4.0,35.0,253.0
2015-08-29,531.0,,,,,
2015-08-30,531.0,,,,,
2015-08-31,531.0,,,,,
2015-09-01,531.0,,,,,
2015-09-02,531.0,,,,,
2015-09-03,531.0,1.0,0.0,4.0,33.0,164.0
2015-09-04,531.0,,,,,
2015-09-05,531.0,,,,,
2015-09-06,531.0,,,,,
2015-09-07,531.0,,,,,
2015-09-08,531.0,1.0,0.0,4.0,30.0,189.0
2015-09-09,531.0,,,,,
2015-09-10,531.0,,,,,
2015-09-11,531.0,1.0,0.0,4.0,32.0,228.0
2015-09-12,531.0,,,,,
2015-09-13,531.0,,,,,
2015-09-14,531.0,,,,,
2015-09-15,531.0,,,,,
2015-09-16,531.0,1.0,0.0,4.0,31.0,199.0
2015-09-17,531.0,,,,,
2015-09-18,531.0,,,,,
2015-09-19,531.0,,,,,
2015-09-20,531.0,,,,,
2015-09-21,531.0,1.0,0.0,4.0,30.0,196.0
2015-09-22,531.0,,,,,
2015-09-23,531.0,,,,,
2015-09-24,531.0,1.0,0.0,4.0,30.0,277.0
2015-09-25,531.0,,,,,
2015-09-26,531.0,,,,,
2015-09-27,531.0,,,,,
2015-09-28,531.0,,,,,
2015-09-29,531.0,,,,,
2015-09-30,531.0,,,,,
2015-10-01,531.0,1.0,0.0,4.0,33.0,237.0
2015-10-02,531.0,,,,,
2015-10-03,531.0,,,,,
2015-10-04,531.0,,,,,
2015-10-05,531.0,,,,,
2015-10-06,531.0,,,,,
2015-10-07,531.0,1.0,0.0,4.0,33.0,204.0
2015-10-08,531.0,,,,,
2015-10-09,531.0,,,,,
2015-10-10,531.0,,,,,
2015-10-11,531.0,,,,,
2015-10-12,531.0,1.0,0.0,4.0,36.0,210.0
2015-10-13,531.0,,,,,
2015-10-14,531.0,,,,,
2015-10-15,531.0,1.0,0.0,4.0,38.0,234.0
2015-10-16,531.0,,,,,
2015-10-17,531.0,,,,,
2015-10-18,531.0,,,,,
2015-10-19,531.0,,,,,
2015-10-20,531.0,1.0,0.0,4.0,35.0,427.0
2015-10-21,531.0,,,,,
2015-10-22,531.0,,,,,
2015-10-23,531.0,,,,,
2015-10-24,531.0,,,,,
2015-10-25,531.0,,,,,
2015-10-26,531.0,1.0,0.0,4.0,31.0,411.0
2015-10-27,531.0,,,,,
2015-10-28,531.0,,,,,
2015-10-29,531.0,1.0,0.0,4.0,36.0,450.0
2015-10-30,531.0,,,,,
2015-10-31,531.0,,,,,
2015-11-01,531.0,,,,,
2015-11-02,531.0,,,,,
2015-11-03,531.0,,,,,
2015-11-04,531.0,,,,,
2015-11-05,531.0,1.0,0.0,21.0,72.0,161.0
2015-11-06,531.0,,,,,
2015-11-07,531.0,,,,,
2015-11-08,531.0,,,,,
2015-11-09,531.0,1.0,0.0,21.0,77.0,334.0
2015-11-10,531.0,,,,,
2015-11-11,531.0,,,,,
2015-11-12,531.0,,,,,
2015-11-13,531.0,1.0,0.0,4.0,41.0,504.0
2015-11-14,531.0,,,,,
2015-11-15,531.0,,,,,
2015-11-16,531.0,,,,,
2015-11-17,531.0,,,,,
2015-11-18,531.0,1.0,0.0,4.0,54.0,360.0
2015-11-19,531.0,,,,,
2015-11-20,531.0,,,,,
2015-11-21,531.0,,,,,
2015-11-22,531.0,,,,,
2015-11-23,531.0,1.0,0.0,4.0,46.0,374.0
2015-11-24,531.0,,,,,
2015-11-25,531.0,,,,,
2015-11-26,531.0,,,,,
2015-11-27,531.0,1.0,0.0,4.0,44.0,426.0
2015-11-28,531.0,,,,,
2015-11-29,531.0,,,,,
2015-11-30,531.0,,,,,
2015-12-01,531.0,,,,,
2015-12-02,531.0,,,,,
2015-12-03,531.0,1.0,0.0,4.0,56.0,590.0
2015-12-04,531.0,,,,,
2015-12-05,531.0,,,,,
2015-12-06,531.0,,,,,
2015-12-07,531.0,,,,,
2015-12-08,531.0,1.0,0.0,4.0,53.0,362.0
2015-12-09,531.0,,,,,
2015-12-10,531.0,,,,,
2015-12-11,531.0,1.0,0.0,4.0,51.0,138.0
2015-12-12,531.0,,,,,
2015-12-13,531.0,,,,,
2015-12-14,531.0,,,,,
2015-12-15,531.0,,,,,
2015-12-16,531.0,1.0,0.0,4.0,56.0,246.0
2015-12-17,531.0,,,,,
2015-12-18,531.0,,,,,
2015-12-19,531.0,,,,,
2015-12-20,531.0,,,,,
2015-12-21,531.0,1.0,0.0,4.0,54.0,269.0
2015-12-22,531.0,,,,,
2015-12-23,531.0,,,,,
2015-12-24,531.0,,,,,
2015-12-25,531.0,,,,,
2015-12-26,531.0,,,,,
2015-12-27,531.0,,,,,
2015-12-28,531.0,1.0,0.0,4.0,53.0,205.0
2015-12-29,531.0,1.0,0.0,5.0,43.0,142.0
2015-12-30,531.0,,,,,
2015-12-31,531.0,1.0,0.0,9.0,44.0,420.0
