Date,STN_144_PM10,STN_144_SO2,STN_144_NO2,STN_146_PM10,STN_146_SO2,STN_146_NO2,STN_345_PM10,STN_345_SO2,STN_345_NO2
2011-01-02,,,,262.0,6.0,98.0,,,
2011-01-03,,,,199.0,11.0,75.0,193.0,19.0,90.0
2011-01-04,,,,,,,,,
2011-01-05,,,,,,,,,
2011-01-06,,,,175.0,2.0,36.0,165.0,10.0,43.0
2011-01-07,,,,,,,,,
2011-01-08,,,,,,,,,
2011-01-09,51.0,2.0,43.0,,,,65.0,4.0,48.0
2011-01-10,,,,,,,,,
2011-01-11,,,,,,,,,
2011-01-12,,,,367.0,19.0,132.0,590.0,20.0,135.0
2011-01-13,420.0,9.0,70.0,508.0,23.0,94.0,,,
2011-01-14,,,,,,,,,
2011-01-15,,,,,,,,,
2011-01-16,,,,,,,,,
2011-01-17,,,,,,,,,
2011-01-18,,,,306.0,8.0,72.0,252.0,22.0,108.0
2011-01-19,,,,255.0,5.0,81.0,212.0,15.0,104.0
2011-01-20,,,,431.0,11.0,107.0,383.0,15.0,113.0
2011-01-21,,,,,,,,,
2011-01-22,177.0,12.0,67.0,,,,,,
2011-01-23,151.0,7.0,93.0,,,,,,
2011-01-24,210.0,13.0,104.0,,,,,,
2011-01-25,,,,,,,,,
2011-01-26,,,,,,,,,
2011-01-27,,,,,,,324.0,18.0,92.0
2011-01-28,,,,,,,533.0,23.0,86.0
2011-01-29,,,,,,,493.0,15.0,117.0
2011-01-30,,,,,,,,,
2011-01-31,,,,,,,,,
2011-02-01,,,,,,,,,
2011-02-02,,,,344.0,12.0,100.0,,,
2011-02-03,,,,321.0,12.0,95.0,194.0,15.0,103.0
2011-02-04,,,,,,,,,
2011-02-05,,,,,,,,,
2011-02-06,,,,167.0,8.0,73.0,190.0,24.0,68.0
2011-02-07,,,,,,,,,
2011-02-08,,,,94.0,2.0,35.0,104.0,4.0,39.0
2011-02-09,34.0,4.0,29.0,,,,54.0,14.0,39.0
2011-02-10,,,,,,,,,
2011-02-11,,,,427.0,2.0,110.0,298.0,2.0,101.0
2011-02-12,,,,432.0,16.0,129.0,530.0,18.0,128.0
2011-02-13,,,,,,,,,
2011-02-14,,,,,,,,,
2011-02-15,,,,,,,126.0,10.0,92.0
2011-02-16,,,,162.0,2.0,77.0,172.0,12.0,75.0
2011-02-17,,,,197.0,4.0,80.0,,,
2011-02-18,,,,,,,,,
2011-02-19,229.0,4.0,78.0,,,,,,
2011-02-20,99.0,3.0,79.0,,,,,,
2011-02-21,140.0,2.0,79.0,,,,,,
2011-02-22,203.0,3.0,103.0,,,,,,
2011-02-23,318.0,6.0,100.0,,,,,,
2011-02-24,,,,,,,,,
2011-02-25,90.0,4.0,76.0,,,,,,
2011-02-26,100.0,7.0,71.0,,,,,,
2011-02-27,63.0,3.0,50.0,,,,,,
2011-02-28,,,,,,,,,
2011-03-01,,,,,,,,,
2011-03-02,,,,534.0,23.0,112.0,,,
2011-03-03,,,,200.0,12.0,82.0,133.0,6.0,104.0
2011-03-04,,,,,,,,,
2011-03-05,,,,,,,288.0,2.0,50.0
2011-03-06,,,,,,,,,
2011-03-07,,,,,,,,,
2011-03-08,,,,75.0,2.0,27.0,83.0,2.0,52.0
2011-03-09,,,,,,,,,
2011-03-10,72.0,2.0,54.0,,,,233.0,4.0,55.0
2011-03-11,,,,554.0,3.0,141.0,400.0,5.0,118.0
2011-03-12,,,,351.0,13.0,117.0,405.0,13.0,91.0
2011-03-13,,,,,,,,,
2011-03-14,,,,,,,240.0,7.0,89.0
2011-03-15,151.0,2.0,101.0,355.0,2.0,108.0,,,
2011-03-16,129.0,2.0,85.0,294.0,4.0,94.0,,,
2011-03-17,172.0,4.0,87.0,341.0,10.0,99.0,,,
2011-03-18,,,,,,,,,
2011-03-19,,,,,,,,,
2011-03-20,,,,,,,,,
2011-03-21,,,,,,,,,
2011-03-22,156.0,3.0,82.0,,,,201.0,7.0,80.0
2011-03-23,149.0,5.0,88.0,,,,252.0,9.0,60.0
2011-03-24,193.0,6.0,78.0,,,,,,
2011-03-25,171.0,6.0,88.0,,,,,,
2011-03-26,199.0,3.0,77.0,,,,,,
2011-03-27,,,,,,,302.0,11.0,63.0
2011-03-28,,,,,,,189.0,9.0,83.0
2011-03-29,,,,,,,,,
2011-03-30,,,,,,,,,
2011-03-31,,,,,,,,,
2011-04-01,144.0,2.0,38.0,180.0,2.0,51.0,219.0,23.0,52.0
2011-04-02,,,,,,,344.0,18.0,112.0
2011-04-03,,,,,,,,,
2011-04-04,,,,,,,,,
2011-04-05,,,,,,,201.0,2.0,63.0
2011-04-06,,,,,,,,,
2011-04-07,,,,,,,,,
2011-04-08,,,,119.0,2.0,72.0,95.0,2.0,59.0
2011-04-09,,,,,,,,,
2011-04-10,78.0,2.0,58.0,,,,167.0,22.0,72.0
2011-04-11,,,,692.0,2.0,138.0,600.0,4.0,130.0
2011-04-12,,,,,,,,,
2011-04-13,,,,375.0,2.0,81.0,159.0,4.0,87.0
2011-04-14,,,,337.0,5.0,97.0,,,
2011-04-15,,,,,,,,,
2011-04-16,,,,,,,,,
2011-04-17,,,,,,,,,
2011-04-18,,,,,,,,,
2011-04-19,174.0,2.0,83.0,259.0,3.0,74.0,,,
2011-04-20,147.0,2.0,87.0,233.0,3.0,76.0,,,
2011-04-21,152.0,2.0,56.0,,,,,,
2011-04-22,131.0,3.0,84.0,,,,,,
2011-04-23,176.0,3.0,87.0,,,,,,
2011-04-24,,,,,,,,,
2011-04-25,,,,,,,,,
2011-04-26,,,,,,,,,
2011-04-27,237.0,2.0,100.0,,,,173.0,2.0,100.0
2011-04-28,400.0,2.0,83.0,,,,265.0,3.0,88.0
2011-04-29,386.0,2.0,91.0,,,,,,
2011-04-30,,,,,,,,,
2011-05-01,190.0,2.0,53.0,187.0,2.0,54.0,271.0,32.0,56.0
2011-05-02,,,,,,,263.0,20.0,106.0
2011-05-03,,,,,,,,,
2011-05-04,,,,291.0,7.0,72.0,,,
2011-05-05,,,,,,,141.0,2.0,61.0
2011-05-06,,,,,,,,,
2011-05-07,64.0,2.0,54.0,137.0,2.0,64.0,,,
2011-05-08,,,,,,,,,
2011-05-09,,,,,,,,,
2011-05-10,,,,,,,,,
2011-05-11,,,,,,,,,
2011-05-12,,,,,,,,,
2011-05-13,,,,373.0,2.0,72.0,221.0,7.0,69.0
2011-05-14,,,,365.0,2.0,54.0,,,
2011-05-15,,,,,,,,,
2011-05-16,,,,,,,,,
2011-05-17,192.0,3.0,75.0,,,,,,
2011-05-18,126.0,3.0,76.0,,,,,,
2011-05-19,110.0,2.0,42.0,355.0,3.0,40.0,,,
2011-05-20,164.0,2.0,26.0,564.0,4.0,56.0,,,
2011-05-21,48.0,2.0,27.0,165.0,5.0,50.0,,,
2011-05-22,,,,,,,,,
2011-05-23,,,,,,,,,
2011-05-24,157.0,2.0,73.0,364.0,3.0,65.0,,,
2011-05-25,192.0,3.0,73.0,331.0,7.0,64.0,,,
2011-05-26,99.0,4.0,51.0,,,,,,
2011-05-27,,,,,,,,,
2011-05-28,,,,,,,,,
2011-05-29,,,,,,,,,
2011-05-30,,,,,,,,,
2011-05-31,,,,,,,,,
2011-06-01,,,,,,,,,
2011-06-02,,,,,,,229.0,10.0,99.0
2011-06-03,,,,,,,,,
2011-06-04,,,,288.0,8.0,62.0,352.0,10.0,45.0
2011-06-05,,,,,,,160.0,5.0,56.0
2011-06-06,,,,,,,,,
2011-06-07,51.0,2.0,55.0,112.0,2.0,51.0,,,
2011-06-08,,,,,,,,,
2011-06-09,,,,,,,,,
2011-06-10,,,,,,,,,
2011-06-11,,,,,,,,,
2011-06-12,,,,,,,,,
2011-06-13,,,,,,,,,
2011-06-14,,,,,,,,,
2011-06-15,59.0,2.0,43.0,,,,69.0,2.0,41.0
2011-06-16,85.0,2.0,41.0,,,,93.0,3.0,49.0
2011-06-17,66.0,2.0,49.0,,,,108.0,5.0,71.0
2011-06-18,,,,,,,,,
2011-06-19,,,,,,,,,
2011-06-20,,,,,,,,,
2011-06-21,,,,183.0,3.0,46.0,134.0,4.0,49.0
2011-06-22,,,,131.0,2.0,24.0,78.0,5.0,19.0
2011-06-23,,,,131.0,4.0,26.0,109.0,4.0,20.0
2011-06-24,,,,,,,,,
2011-06-25,,,,,,,,,
2011-06-26,,,,,,,,,
2011-06-27,,,,,,,,,
2011-06-28,46.0,2.0,33.0,,,,,,
2011-06-29,43.0,2.0,46.0,,,,,,
2011-06-30,,,,,,,,,
2011-07-01,,,,,,,,,
2011-07-02,,,,,,,,,
2011-07-03,,,,,,,141.0,11.0,53.0
2011-07-04,,,,215.0,8.0,66.0,257.0,11.0,40.0
2011-07-05,,,,,,,235.0,5.0,62.0
2011-07-06,101.0,2.0,47.0,389.0,2.0,42.0,,,
2011-07-07,53.0,2.0,40.0,83.0,4.0,40.0,,,
2011-07-08,,,,,,,,,
2011-07-09,65.0,2.0,75.0,107.0,2.0,82.0,,,
2011-07-10,,,,,,,,,
2011-07-11,,,,,,,,,
2011-07-12,,,,,,,,,
2011-07-13,,,,78.0,2.0,24.0,88.0,2.0,25.0
2011-07-14,,,,65.0,2.0,22.0,70.0,2.0,24.0
2011-07-15,,,,68.0,2.0,17.0,62.0,2.0,26.0
2011-07-16,,,,,,,,,
2011-07-17,,,,,,,,,
2011-07-18,,,,,,,,,
2011-07-19,77.0,2.0,52.0,,,,136.0,2.0,53.0
2011-07-20,71.0,2.0,35.0,,,,112.0,2.0,33.0
2011-07-21,74.0,2.0,46.0,,,,108.0,3.0,41.0
2011-07-22,,,,,,,,,
2011-07-23,,,,,,,59.0,2.0,26.0
2011-07-24,,,,,,,70.0,2.0,19.0
2011-07-25,,,,,,,,,
2011-07-26,,,,,,,,,
2011-07-27,48.0,2.0,59.0,79.0,2.0,66.0,,,
2011-07-28,34.0,2.0,51.0,78.0,2.0,56.0,,,
2011-07-29,,,,,,,,,
2011-07-30,,,,,,,,,
2011-07-31,,,,,,,,,
2011-08-01,,,,,,,,,
2011-08-02,,,,279.0,6.0,87.0,199.0,21.0,77.0
2011-08-03,,,,180.0,3.0,56.0,,,
2011-08-04,,,,,,,178.0,11.0,77.0
2011-08-05,,,,,,,,,
2011-08-06,118.0,2.0,41.0,308.0,2.0,52.0,,,
2011-08-07,,,,,,,,,
2011-08-08,,,,,,,,,
2011-08-09,41.0,5.0,66.0,73.0,2.0,59.0,,,
2011-08-10,114.0,2.0,55.0,,,,256.0,22.0,37.0
2011-08-11,,,,,,,,,
2011-08-12,,,,,,,,,
2011-08-13,,,,,,,,,
2011-08-14,,,,,,,,,
2011-08-15,,,,,,,,,
2011-08-16,,,,,,,,,
2011-08-17,,,,137.0,2.0,71.0,82.0,2.0,60.0
2011-08-18,,,,111.0,2.0,72.0,104.0,2.0,71.0
2011-08-19,,,,72.0,2.0,57.0,50.0,2.0,53.0
2011-08-20,,,,,,,,,
2011-08-21,,,,,,,,,
2011-08-22,,,,,,,,,
2011-08-23,,,,,,,,,
2011-08-24,77.0,2.0,45.0,,,,128.0,2.0,47.0
2011-08-25,67.0,2.0,51.0,,,,138.0,3.0,58.0
2011-08-26,121.0,2.0,62.0,,,,,,
2011-08-27,56.0,3.0,62.0,,,,,,
2011-08-28,54.0,2.0,61.0,,,,,,
2011-08-29,62.0,2.0,55.0,,,,,,
2011-08-30,,,,,,,,,
2011-08-31,,,,,,,,,
2011-09-01,,,,,,,,,
2011-09-02,,,,202.0,4.0,87.0,201.0,18.0,72.0
2011-09-03,,,,248.0,11.0,83.0,,,
2011-09-04,,,,,,,,,
2011-09-05,,,,,,,,,
2011-09-06,186.0,2.0,42.0,288.0,3.0,61.0,,,
2011-09-07,,,,,,,,,
2011-09-08,45.0,2.0,45.0,77.0,3.0,38.0,,,
2011-09-09,61.0,2.0,54.0,87.0,3.0,65.0,,,
2011-09-10,99.0,2.0,59.0,,,,231.0,19.0,32.0
2011-09-11,326.0,2.0,100.0,,,,493.0,20.0,84.0
2011-09-12,,,,,,,,,
2011-09-13,,,,152.0,2.0,71.0,124.0,9.0,49.0
2011-09-14,,,,116.0,3.0,37.0,103.0,7.0,40.0
2011-09-15,,,,86.0,2.0,32.0,78.0,15.0,63.0
2011-09-16,,,,,,,,,
2011-09-17,,,,,,,,,
2011-09-18,,,,,,,,,
2011-09-19,,,,,,,,,
2011-09-20,56.0,2.0,33.0,76.0,2.0,39.0,,,
2011-09-21,66.0,2.0,45.0,116.0,2.0,45.0,,,
2011-09-22,54.0,2.0,35.0,,,,,,
2011-09-23,,,,,,,,,
2011-09-24,,,,,,,,,
2011-09-25,,,,,,,,,
2011-09-26,,,,,,,,,
2011-09-27,,,,,,,124.0,3.0,29.0
2011-09-28,,,,,,,126.0,9.0,30.0
2011-09-29,,,,,,,124.0,14.0,35.0
2011-09-30,,,,,,,,,
2011-10-01,,,,,,,,,
2011-10-02,,,,265.0,12.0,74.0,290.0,22.0,93.0
2011-10-03,,,,,,,,,
2011-10-04,,,,,,,,,
2011-10-05,,,,,,,,,
2011-10-06,,,,,,,,,
2011-10-07,,,,,,,,,
2011-10-08,27.0,2.0,63.0,49.0,2.0,38.0,,,
2011-10-09,,,,,,,,,
2011-10-10,99.0,2.0,49.0,,,,220.0,23.0,40.0
2011-10-11,269.0,2.0,93.0,,,,487.0,17.0,73.0
2011-10-12,,,,,,,184.0,16.0,104.0
2011-10-13,,,,162.0,2.0,73.0,271.0,11.0,57.0
2011-10-14,,,,215.0,3.0,73.0,220.0,25.0,67.0
2011-10-15,,,,,,,,,
2011-10-16,,,,,,,,,
2011-10-17,,,,,,,,,
2011-10-18,,,,,,,,,
2011-10-19,253.0,3.0,114.0,295.0,6.0,113.0,,,
2011-10-20,283.0,4.0,114.0,353.0,6.0,117.0,,,
2011-10-21,327.0,3.0,117.0,457.0,3.0,119.0,,,
2011-10-22,,,,,,,,,
2011-10-23,,,,,,,,,
2011-10-24,,,,,,,,,
2011-10-25,,,,,,,,,
2011-10-26,,,,,,,,,
2011-10-27,,,,,,,,,
2011-10-28,,,,363.0,3.0,112.0,,,
2011-10-29,,,,404.0,4.0,108.0,,,
2011-10-30,,,,,,,,,
2011-10-31,,,,,,,,,
2011-11-01,279.0,5.0,77.0,456.0,5.0,68.0,,,
2011-11-02,,,,,,,,,
2011-11-03,,,,,,,,,
2011-11-04,,,,,,,,,
2011-11-05,,,,,,,245.0,2.0,55.0
2011-11-06,,,,,,,,,
2011-11-07,,,,,,,,,
2011-11-08,,,,,,,,,
2011-11-09,,,,,,,,,
2011-11-10,,,,,,,,,
2011-11-11,139.0,2.0,82.0,,,,292.0,3.0,67.0
2011-11-12,,,,,,,296.0,14.0,104.0
2011-11-13,,,,,,,,,
2011-11-14,,,,,,,,,
2011-11-15,,,,388.0,5.0,128.0,,,
2011-11-16,,,,323.0,4.0,118.0,426.0,8.0,125.0
2011-11-17,,,,333.0,4.0,119.0,414.0,7.0,121.0
2011-11-18,,,,,,,,,
2011-11-19,,,,,,,,,
2011-11-20,,,,,,,,,
2011-11-21,,,,,,,,,
2011-11-22,292.0,3.0,131.0,,,,,,
2011-11-23,208.0,3.0,131.0,,,,,,
2011-11-24,257.0,3.0,132.0,,,,,,
2011-11-25,,,,,,,,,
2011-11-26,,,,,,,,,
2011-11-27,,,,,,,,,
2011-11-28,236.0,4.0,40.0,275.0,9.0,68.0,,,
2011-11-29,210.0,8.0,95.0,214.0,10.0,64.0,,,
2011-11-30,,,,,,,,,
2011-12-01,432.0,6.0,93.0,612.0,12.0,99.0,,,
2011-12-02,,,,,,,,,
2011-12-03,,,,,,,,,
2011-12-04,,,,331.0,5.0,76.0,203.0,10.0,73.0
2011-12-05,,,,361.0,2.0,51.0,233.0,2.0,56.0
2011-12-06,,,,,,,,,
2011-12-07,,,,,,,,,
2011-12-08,,,,,,,,,
2011-12-09,,,,,,,,,
2011-12-10,,,,126.0,2.0,78.0,253.0,11.0,73.0
2011-12-11,,,,,,,,,
2011-12-12,,,,,,,476.0,22.0,109.0
2011-12-13,,,,,,,,,
2011-12-14,,,,,,,,,
2011-12-15,,,,,,,,,
2011-12-16,296.0,14.0,138.0,,,,501.0,15.0,116.0
2011-12-17,344.0,19.0,140.0,,,,484.0,10.0,139.0
2011-12-18,507.0,15.0,128.0,,,,,,
2011-12-19,,,,,,,,,
2011-12-20,324.0,19.0,123.0,,,,,,
2011-12-21,384.0,25.0,134.0,,,,,,
2011-12-22,285.0,10.0,132.0,397.0,12.0,112.0,,,
2011-12-23,,,,397.0,21.0,112.0,,,
2011-12-24,,,,420.0,33.0,75.0,,,
2011-12-25,,,,,,,,,
2011-12-26,,,,,,,,,
2011-12-27,644.0,21.0,151.0,639.0,27.0,114.0,,,
2011-12-28,464.0,10.0,138.0,596.0,19.0,113.0,,,
2011-12-29,,,,,,,,,
2011-12-30,,,,,,,,,
2011-12-31,,,,,,,,,
2012-01-01,,,,,,,,,
2012-01-02,162.0,8.0,82.0,,,,289.0,8.0,77.0
2012-01-03,,,,283.0,30.0,113.0,302.0,35.0,117.0
2012-01-04,,,,,,,,,
2012-01-05,,,,,,,201.0,3.0,96.0
2012-01-06,,,,,,,,,
2012-01-07,,,,,,,,,
2012-01-08,,,,,,,,,
2012-01-09,,,,,,,,,
2012-01-10,,,,,,,,,
2012-01-11,,,,453.0,4.0,123.0,666.0,6.0,108.0
2012-01-12,,,,,,,,,
2012-01-13,,,,,,,,,
2012-01-14,296.0,7.0,99.0,,,,405.0,43.0,113.0
2012-01-15,169.0,8.0,101.0,,,,213.0,10.0,89.0
2012-01-16,161.0,2.0,92.0,,,,218.0,15.0,71.0
2012-01-17,,,,,,,,,
2012-01-18,,,,,,,,,
2012-01-19,,,,,,,378.0,21.0,98.0
2012-01-20,,,,,,,274.0,24.0,110.0
2012-01-21,,,,,,,265.0,29.0,85.0
2012-01-22,,,,,,,,,
2012-01-23,,,,,,,,,
2012-01-24,,,,,,,,,
2012-01-25,,,,,,,,,
2012-01-26,,,,,,,,,
2012-01-27,208.0,7.0,114.0,303.0,16.0,115.0,,,
2012-01-28,216.0,15.0,104.0,245.0,16.0,110.0,,,
2012-01-29,207.0,10.0,107.0,,,,,,
2012-01-30,,,,,,,,,
2012-01-31,,,,,,,,,
2012-02-01,,,,,,,,,
2012-02-02,247.0,14.0,93.0,,,,454.0,17.0,96.0
2012-02-02,247.0,14.0,93.0,,,,244.0,49.0,81.0
2012-02-03,,,,151.0,21.0,91.0,,,
2012-02-04,,,,,,,,,
2012-02-05,,,,378.0,4.0,123.0,194.0,6.0,94.0
2012-02-06,343.0,2.0,82.0,,,,,,
2012-02-07,,,,,,,,,
2012-02-08,61.0,2.0,50.0,142.0,2.0,57.0,,,
2012-02-09,,,,,,,,,
2012-02-10,,,,,,,,,
2012-02-11,,,,496.0,5.0,128.0,700.0,5.0,109.0
2012-02-12,,,,,,,,,
2012-02-13,,,,,,,,,
2012-02-14,90.0,14.0,84.0,,,,,,
2012-02-15,76.0,10.0,90.0,202.0,10.0,109.0,,,
2012-02-16,131.0,13.0,93.0,195.0,24.0,110.0,,,
2012-02-17,,,,233.0,16.0,101.0,,,
2012-02-18,,,,,,,,,
2012-02-19,,,,,,,,,
2012-02-20,,,,,,,,,
2012-02-21,,,,283.0,18.0,113.0,226.0,30.0,88.0
2012-02-22,,,,285.0,31.0,107.0,225.0,45.0,119.0
2012-02-23,,,,,,,,,
2012-02-24,,,,,,,,,
2012-02-25,108.0,10.0,48.0,,,,,,
2012-02-26,147.0,11.0,64.0,,,,,,
2012-02-27,,,,,,,,,
2012-02-28,,,,,,,,,
2012-02-29,,,,,,,,,
2012-03-01,,,,425.0,15.0,115.0,,,
2012-03-02,183.0,7.0,91.0,,,,304.0,25.0,93.0
2012-03-03,,,,155.0,18.0,96.0,275.0,34.0,114.0
2012-03-04,184.0,4.0,94.0,505.0,2.0,121.0,307.0,6.0,91.0
2012-03-05,,,,,,,223.0,2.0,92.0
2012-03-06,224.0,2.0,87.0,,,,253.0,4.0,83.0
2012-03-07,,,,120.0,3.0,43.0,,,
2012-03-08,63.0,2.0,59.0,154.0,3.0,67.0,,,
2012-03-09,,,,,,,,,
2012-03-10,112.0,2.0,100.0,250.0,2.0,119.0,,,
2012-03-11,,,,,,,603.0,7.0,102.0
2012-03-12,,,,,,,,,
2012-03-13,,,,,,,,,
2012-03-14,135.0,6.0,93.0,166.0,5.0,72.0,,,
2012-03-15,155.0,8.0,76.0,184.0,11.0,84.0,,,
2012-03-16,154.0,7.0,102.0,272.0,12.0,102.0,,,
2012-03-17,,,,,,,,,
2012-03-18,,,,,,,,,
2012-03-19,,,,,,,,,
2012-03-20,414.0,4.0,65.0,,,,843.0,14.0,73.0
2012-03-21,267.0,3.0,54.0,,,,527.0,28.0,66.0
2012-03-22,205.0,7.0,59.0,,,,379.0,26.0,56.0
2012-03-23,,,,,,,,,
2012-03-24,193.0,4.0,76.0,,,,296.0,11.0,102.0
2012-03-25,143.0,2.0,90.0,,,,208.0,4.0,58.0
2012-03-26,,,,,,,,,
2012-03-27,,,,314.0,21.0,94.0,,,
2012-03-28,,,,317.0,14.0,59.0,,,
2012-03-29,,,,,,,,,
2012-03-30,,,,,,,,,
2012-03-31,,,,,,,,,
2012-04-01,,,,415.0,21.0,112.0,,,
2012-04-02,,,,,,,,,
2012-04-03,,,,,,,,,
2012-04-04,115.0,2.0,107.0,,,,240.0,2.0,76.0
2012-04-05,,,,,,,,,
2012-04-06,163.0,2.0,76.0,,,,232.0,4.0,108.0
2012-04-07,133.0,4.0,45.0,154.0,2.0,41.0,,,
2012-04-08,54.0,4.0,54.0,86.0,3.0,62.0,,,
2012-04-09,,,,106.0,4.0,52.0,62.0,2.0,47.0
2012-04-10,119.0,2.0,105.0,284.0,2.0,109.0,,,
2012-04-11,,,,,,,,,
2012-04-12,214.0,3.0,114.0,273.0,15.0,119.0,,,
2012-04-13,,,,,,,,,
2012-04-14,,,,,,,,,
2012-04-15,,,,,,,,,
2012-04-16,,,,,,,,,
2012-04-17,,,,219.0,2.0,98.0,169.0,7.0,86.0
2012-04-18,,,,201.0,4.0,87.0,188.0,8.0,68.0
2012-04-19,,,,227.0,2.0,75.0,194.0,9.0,54.0
2012-04-20,,,,,,,,,
2012-04-21,,,,,,,,,
2012-04-22,,,,,,,,,
2012-04-23,,,,,,,,,
2012-04-24,,,,232.0,7.0,96.0,,,
2012-04-25,,,,241.0,10.0,95.0,,,
2012-04-26,124.0,3.0,66.0,220.0,4.0,75.0,,,
2012-04-27,132.0,5.0,48.0,,,,,,
2012-04-28,213.0,4.0,53.0,,,,,,
2012-04-29,,,,,,,,,
2012-04-30,,,,,,,,,
2012-05-01,,,,,,,,,
2012-05-02,,,,,,,,,
2012-05-03,,,,,,,,,
2012-05-04,109.0,3.0,96.0,,,,224.0,4.0,99.0
2012-05-05,,,,,,,,,
2012-05-06,,,,201.0,13.0,77.0,167.0,5.0,100.0
2012-05-07,136.0,2.0,46.0,171.0,2.0,63.0,,,
2012-05-08,,,,,,,,,
2012-05-09,,,,90.0,2.0,36.0,58.0,2.0,39.0
2012-05-10,122.0,2.0,106.0,241.0,3.0,112.0,,,
2012-05-11,,,,,,,,,
2012-05-12,183.0,4.0,117.0,248.0,12.0,101.0,,,
2012-05-13,,,,,,,,,
2012-05-14,,,,,,,,,
2012-05-15,200.0,2.0,93.0,,,,,,
2012-05-16,653.0,2.0,88.0,,,,,,
2012-05-17,735.0,2.0,68.0,,,,,,
2012-05-18,,,,,,,299.0,2.0,53.0
2012-05-19,,,,,,,652.0,7.0,50.0
2012-05-20,,,,,,,389.0,9.0,84.0
2012-05-21,,,,,,,,,
2012-05-22,,,,,,,,,
2012-05-23,,,,437.0,4.0,95.0,,,
2012-05-24,,,,290.0,4.0,81.0,,,
2012-05-25,,,,438.0,2.0,59.0,,,
2012-05-26,,,,,,,,,
2012-05-27,,,,,,,,,
2012-05-28,,,,,,,,,
2012-05-29,230.0,2.0,66.0,,,,362.0,3.0,105.0
2012-05-30,235.0,2.0,53.0,,,,448.0,4.0,70.0
2012-05-31,,,,,,,,,
2012-06-01,,,,,,,,,
2012-06-02,,,,,,,,,
2012-06-03,,,,,,,,,
2012-06-04,,,,,,,,,
2012-06-05,,,,,,,,,
2012-06-06,,,,,,,,,
2012-06-07,55.0,2.0,43.0,,,,,,
2012-06-08,,,,,,,,,
2012-06-09,,,,85.0,2.0,27.0,70.0,2.0,36.0
2012-06-10,,,,,,,,,
2012-06-11,523.0,9.0,110.0,589.0,4.0,134.0,,,
2012-06-12,154.0,2.0,114.0,212.0,12.0,106.0,,,
2012-06-13,,,,,,,,,
2012-06-14,,,,,,,,,
2012-06-15,,,,,,,,,
2012-06-16,,,,,,,,,
2012-06-17,,,,,,,,,
2012-06-18,,,,,,,,,
2012-06-19,,,,312.0,2.0,77.0,193.0,5.0,70.0
2012-06-20,,,,515.0,2.0,40.0,228.0,2.0,29.0
2012-06-21,,,,406.0,2.0,42.0,,,
2012-06-22,,,,372.0,2.0,47.0,,,
2012-06-23,,,,,,,,,
2012-06-24,,,,,,,,,
2012-06-25,,,,,,,,,
2012-06-26,,,,530.0,2.0,62.0,,,
2012-06-27,,,,307.0,2.0,83.0,,,
2012-06-28,307.0,2.0,37.0,295.0,2.0,66.0,,,
2012-06-29,209.0,2.0,36.0,284.0,2.0,50.0,,,
2012-06-30,,,,,,,,,
2012-07-01,137.0,5.0,54.0,,,,193.0,10.0,87.0
2012-07-02,,,,195.0,14.0,100.0,177.0,25.0,61.0
2012-07-03,,,,,,,,,
2012-07-04,,,,,,,,,
2012-07-05,,,,,,,,,
2012-07-06,185.0,2.0,65.0,,,,269.0,12.0,65.0
2012-07-07,,,,,,,,,
2012-07-08,,,,102.0,2.0,61.0,182.0,2.0,68.0
2012-07-09,,,,,,,,,
2012-07-10,,,,,,,,,
2012-07-11,544.0,9.0,99.0,577.0,5.0,131.0,,,
2012-07-12,,,,,,,,,
2012-07-13,46.0,2.0,51.0,98.0,2.0,64.0,,,
2012-07-14,,,,,,,,,
2012-07-15,,,,,,,,,
2012-07-16,,,,,,,,,
2012-07-17,89.0,2.0,64.0,,,,181.0,4.0,62.0
2012-07-18,114.0,2.0,51.0,,,,285.0,10.0,56.0
2012-07-19,138.0,4.0,54.0,,,,226.0,11.0,53.0
2012-07-20,,,,,,,,,
2012-07-21,,,,,,,65.0,3.0,38.0
2012-07-22,,,,,,,113.0,3.0,43.0
2012-07-23,,,,,,,120.0,5.0,64.0
2012-07-24,,,,116.0,2.0,50.0,,,
2012-07-25,,,,82.0,5.0,50.0,,,
2012-07-26,,,,110.0,3.0,55.0,,,
2012-07-27,,,,,,,106.0,2.0,61.0
2012-07-28,,,,,,,89.0,4.0,68.0
2012-07-29,,,,,,,,,
2012-07-30,,,,,,,,,
2012-07-31,,,,,,,,,
2012-08-01,179.0,2.0,78.0,,,,245.0,17.0,83.0
2012-08-02,,,,168.0,15.0,100.0,199.0,39.0,72.0
2012-08-03,,,,,,,,,
2012-08-04,,,,,,,,,
2012-08-05,,,,,,,,,
2012-08-06,148.0,2.0,55.0,,,,225.0,8.0,70.0
2012-08-07,,,,,,,,,
2012-08-08,,,,72.0,2.0,54.0,110.0,3.0,71.0
2012-08-09,,,,,,,,,
2012-08-10,,,,,,,,,
2012-08-11,232.0,29.0,130.0,285.0,16.0,119.0,,,
2012-08-12,,,,,,,,,
2012-08-13,,,,,,,,,
2012-08-14,,,,,,,,,
2012-08-15,,,,,,,,,
2012-08-16,,,,,,,,,
2012-08-17,57.0,2.0,43.0,,,,153.0,2.0,38.0
2012-08-18,53.0,2.0,47.0,,,,135.0,2.0,64.0
2012-08-19,69.0,2.0,35.0,,,,116.0,2.0,60.0
2012-08-20,,,,,,,,,
2012-08-21,,,,,,,,,
2012-08-22,,,,49.0,3.0,50.0,,,
2012-08-23,,,,68.0,2.0,50.0,,,
2012-08-24,,,,,,,43.0,2.0,52.0
2012-08-25,,,,,,,76.0,2.0,50.0
2012-08-26,,,,,,,,,
2012-08-27,,,,,,,,,
2012-08-28,37.0,2.0,61.0,,,,,,
2012-08-29,40.0,4.0,39.0,,,,,,
2012-08-30,,,,,,,,,
2012-08-31,,,,,,,,,
2012-09-01,,,,,,,,,
2012-09-02,,,,222.0,12.0,84.0,257.0,34.0,56.0
2012-09-03,,,,,,,,,
2012-09-04,,,,,,,,,
2012-09-05,264.0,2.0,122.0,343.0,2.0,102.0,,,
2012-09-06,179.0,2.0,50.0,,,,288.0,4.0,67.0
2012-09-07,,,,,,,,,
2012-09-08,,,,64.0,2.0,45.0,92.0,2.0,60.0
2012-09-09,,,,,,,,,
2012-09-10,,,,248.0,5.0,128.0,311.0,18.0,118.0
2012-09-11,,,,,,,,,
2012-09-12,,,,,,,,,
2012-09-13,29.0,2.0,20.0,,,,91.0,2.0,23.0
2012-09-14,22.0,2.0,21.0,,,,41.0,2.0,26.0
2012-09-15,,,,,,,,,
2012-09-16,,,,,,,,,
2012-09-17,,,,,,,,,
2012-09-18,47.0,2.0,42.0,79.0,2.0,61.0,,,
2012-09-19,62.0,2.0,34.0,111.0,2.0,60.0,,,
2012-09-20,69.0,2.0,44.0,107.0,2.0,66.0,,,
2012-09-21,,,,,,,,,
2012-09-22,,,,,,,,,
2012-09-23,,,,,,,,,
2012-09-24,,,,,,,,,
2012-09-25,,,,163.0,2.0,75.0,211.0,2.0,69.0
2012-09-26,,,,151.0,2.0,80.0,158.0,2.0,58.0
2012-09-27,,,,,,,,,
2012-09-28,94.0,2.0,86.0,,,,,,
2012-09-29,77.0,2.0,67.0,,,,,,
2012-09-30,,,,,,,,,
2012-10-01,,,,320.0,19.0,95.0,,,
2012-10-02,,,,,,,,,
2012-10-03,,,,,,,,,
2012-10-04,190.0,3.0,88.0,197.0,5.0,96.0,185.0,5.0,43.0
2012-10-05,407.0,2.0,60.0,415.0,2.0,68.0,,,
2012-10-06,,,,,,,,,
2012-10-07,,,,,,,,,
2012-10-08,,,,,,,,,
2012-10-09,,,,,,,,,
2012-10-10,,,,255.0,11.0,132.0,348.0,15.0,110.0
2012-10-11,,,,,,,,,
2012-10-12,,,,,,,,,
2012-10-13,,,,,,,,,
2012-10-14,,,,,,,,,
2012-10-15,,,,,,,,,
2012-10-16,91.0,2.0,98.0,,,,286.0,9.0,95.0
2012-10-17,153.0,2.0,91.0,,,,306.0,18.0,84.0
2012-10-18,161.0,3.0,87.0,,,,389.0,13.0,110.0
2012-10-19,,,,,,,,,
2012-10-20,,,,,,,,,
2012-10-21,,,,,,,,,
2012-10-22,,,,,,,,,
2012-10-23,,,,,,,,,
2012-10-24,,,,,,,,,
2012-10-25,,,,339.0,2.0,141.0,439.0,3.0,119.0
2012-10-26,,,,329.0,5.0,189.0,531.0,8.0,126.0
2012-10-27,,,,322.0,13.0,153.0,,,
2012-10-28,,,,,,,,,
2012-10-29,353.0,6.0,120.0,,,,,,
2012-10-30,325.0,2.0,159.0,,,,,,
2012-10-31,,,,,,,,,
2012-11-01,,,,427.0,10.0,81.0,,,
2012-11-02,,,,,,,,,
2012-11-03,,,,,,,,,
2012-11-04,73.0,4.0,79.0,149.0,6.0,95.0,138.0,8.0,89.0
2012-11-05,170.0,2.0,81.0,211.0,2.0,104.0,,,
2012-11-06,,,,,,,,,
2012-11-07,,,,,,,,,
2012-11-08,,,,,,,,,
2012-11-09,,,,,,,,,
2012-11-10,,,,,,,325.0,6.0,117.0
2012-11-11,,,,,,,,,
2012-11-12,,,,201.0,5.0,87.0,188.0,17.0,71.0
2012-11-13,,,,,,,,,
2012-11-14,,,,,,,,,
2012-11-15,364.0,12.0,128.0,450.0,5.0,116.0,,,
2012-11-16,345.0,12.0,136.0,519.0,7.0,108.0,,,
2012-11-17,257.0,15.0,109.0,361.0,7.0,91.0,,,
2012-11-18,,,,,,,,,
2012-11-19,,,,,,,,,
2012-11-20,,,,,,,,,
2012-11-21,189.0,4.0,124.0,,,,450.0,12.0,117.0
2012-11-22,177.0,7.0,115.0,,,,486.0,19.0,130.0
2012-11-23,,,,,,,,,
2012-11-24,,,,,,,,,
2012-11-25,,,,,,,,,
2012-11-26,,,,,,,,,
2012-11-27,,,,,,,293.0,6.0,106.0
2012-11-28,,,,,,,296.0,3.0,121.0
2012-11-29,,,,,,,195.0,6.0,133.0
2012-11-30,,,,,,,,,
2012-12-01,,,,312.0,12.0,83.0,,,
2012-12-02,,,,,,,,,
2012-12-03,,,,,,,,,
2012-12-04,,,,,,,,,
2012-12-05,,,,,,,,,
2012-12-06,,,,,,,,,
2012-12-07,37.0,2.0,71.0,69.0,2.0,49.0,,,
2012-12-08,,,,,,,,,
2012-12-09,63.0,2.0,34.0,,,,123.0,2.0,55.0
2012-12-10,,,,,,,,,
2012-12-11,,,,,,,,,
2012-12-12,,,,193.0,4.0,91.0,291.0,15.0,70.0
2012-12-13,,,,179.0,4.0,101.0,164.0,7.0,81.0
2012-12-14,,,,,,,,,
2012-12-15,,,,,,,,,
2012-12-16,,,,,,,,,
2012-12-17,,,,,,,,,
2012-12-18,,,,,,,,,
2012-12-19,,,,,,,,,
2012-12-20,175.0,2.0,93.0,,,,269.0,3.0,71.0
2012-12-21,225.0,2.0,92.0,,,,405.0,3.0,99.0
2012-12-22,384.0,4.0,96.0,,,,488.0,5.0,116.0
2012-12-23,,,,,,,,,
2012-12-24,,,,,,,,,
2012-12-25,,,,,,,,,
2012-12-26,369.0,2.0,59.0,,,,423.0,3.0,86.0
2012-12-27,299.0,7.0,55.0,,,,348.0,9.0,94.0
2012-12-28,,,,,,,,,
2012-12-29,,,,387.0,7.0,95.0,,,
2012-12-30,,,,301.0,2.0,76.0,,,
2012-12-31,,,,,,,,,
2013-01-01,,,,,,,,,
2013-01-02,,,,,,,,,
2013-01-03,243.0,2.0,59.0,,,,287.0,12.0,92.0
2013-01-04,264.0,5.0,77.0,,,,268.0,2.0,104.0
2013-01-05,280.0,4.0,68.0,,,,291.0,8.0,89.0
2013-01-06,,,,,,,,,
2013-01-07,,,,,,,,,
2013-01-08,,,,377.0,2.0,104.0,407.0,3.0,98.0
2013-01-09,,,,308.0,2.0,83.0,444.0,8.0,85.0
2013-01-10,,,,333.0,2.0,97.0,359.0,4.0,89.0
2013-01-11,,,,,,,,,
2013-01-12,,,,,,,,,
2013-01-13,,,,,,,,,
2013-01-14,,,,,,,,,
2013-01-15,335.0,3.0,90.0,416.0,12.0,114.0,,,
2013-01-16,362.0,3.0,90.0,419.0,16.0,101.0,,,
2013-01-17,172.0,2.0,74.0,136.0,2.0,84.0,,,
2013-01-18,,,,,,,,,
2013-01-19,,,,,,,,,
2013-01-20,,,,,,,,,
2013-01-21,,,,,,,,,
2013-01-22,,,,,,,,,
2013-01-23,,,,345.0,3.0,108.0,,,
2013-01-24,,,,293.0,2.0,95.0,,,
2013-01-25,,,,,,,,,
2013-01-26,,,,,,,,,
2013-01-27,,,,,,,,,
2013-01-28,,,,,,,,,
2013-01-29,330.0,2.0,99.0,,,,564.0,5.0,108.0
2013-01-30,413.0,3.0,87.0,,,,646.0,5.0,90.0
2013-01-31,,,,,,,,,
2013-02-01,,,,,,,,,
2013-02-02,,,,,,,,,
2013-02-03,,,,,,,,,
2013-02-04,,,,,,,,,
2013-02-05,,,,,,,,,
2013-02-06,,,,148.0,2.0,106.0,246.0,3.0,65.0
2013-02-07,,,,152.0,2.0,88.0,189.0,4.0,66.0
2013-02-08,,,,157.0,3.0,91.0,236.0,3.0,77.0
2013-02-09,,,,,,,,,
2013-02-10,,,,,,,,,
2013-02-11,,,,242.0,6.0,116.0,,,
2013-02-12,,,,274.0,5.0,108.0,,,
2013-02-13,,,,297.0,6.0,113.0,,,
2013-02-14,,,,,,,,,
2013-02-15,135.0,9.0,68.0,,,,261.0,3.0,69.0
2013-02-16,134.0,2.0,103.0,,,,160.0,5.0,107.0
2013-02-17,,,,,,,,,
2013-02-18,,,,,,,,,
2013-02-19,159.0,2.0,115.0,,,,232.0,4.0,106.0
2013-02-20,167.0,2.0,111.0,,,,254.0,3.0,101.0
2013-02-21,154.0,8.0,110.0,,,,207.0,8.0,88.0
2013-02-22,,,,,,,,,
2013-02-23,,,,,,,,,
2013-02-24,,,,,,,,,
2013-02-25,145.0,3.0,89.0,247.0,2.0,127.0,,,
2013-02-26,140.0,7.0,80.0,238.0,7.0,120.0,,,
2013-02-27,158.0,3.0,94.0,,,,,,
2013-02-28,,,,,,,,,
2013-03-01,,,,,,,,,
2013-03-02,,,,,,,,,
2013-03-03,,,,,,,,,
2013-03-04,,,,284.0,3.0,120.0,361.0,7.0,92.0
2013-03-05,,,,235.0,3.0,111.0,241.0,7.0,80.0
2013-03-06,,,,210.0,2.0,75.0,259.0,6.0,87.0
2013-03-07,,,,,,,,,
2013-03-08,171.0,2.0,113.0,,,,315.0,5.0,115.0
2013-03-09,154.0,6.0,78.0,,,,243.0,8.0,107.0
2013-03-10,,,,,,,,,
2013-03-11,,,,,,,,,
2013-03-12,173.0,4.0,103.0,267.0,6.0,111.0,,,
2013-03-13,212.0,8.0,97.0,300.0,12.0,98.0,,,
2013-03-14,141.0,5.0,74.0,228.0,8.0,91.0,,,
2013-03-15,,,,,,,,,
2013-03-16,,,,,,,,,
2013-03-17,,,,,,,,,
2013-03-18,,,,,,,,,
2013-03-19,149.0,3.0,95.0,233.0,3.0,115.0,,,
2013-03-20,154.0,3.0,81.0,297.0,5.0,111.0,,,
2013-03-21,132.0,2.0,52.0,,,,,,
2013-03-22,,,,,,,299.0,6.0,91.0
2013-03-23,,,,,,,226.0,7.0,84.0
2013-03-24,,,,,,,230.0,2.0,52.0
2013-03-25,,,,,,,,,
2013-03-26,,,,,,,,,
2013-03-27,,,,,,,,,
2013-03-28,,,,,,,,,
2013-03-29,,,,,,,,,
2013-03-30,,,,,,,,,
2013-03-31,,,,,,,,,
2013-04-01,,,,,,,,,
2013-04-02,86.0,2.0,56.0,188.0,2.0,104.0,,,
2013-04-03,154.0,3.0,72.0,207.0,6.0,103.0,,,
2013-04-04,140.0,2.0,55.0,225.0,3.0,93.0,,,
2013-04-05,,,,,,,,,
2013-04-06,,,,,,,,,
2013-04-07,,,,,,,,,
2013-04-08,,,,,,,,,
2013-04-09,204.0,5.0,80.0,,,,328.0,6.0,68.0
2013-04-10,151.0,9.0,85.0,,,,226.0,11.0,75.0
2013-04-11,192.0,5.0,71.0,,,,281.0,11.0,70.0
2013-04-12,,,,,,,,,
2013-04-13,,,,,,,,,
2013-04-14,,,,470.0,2.0,119.0,,,
2013-04-15,,,,,,,413.0,12.0,98.0
2013-04-16,,,,,,,344.0,11.0,89.0
2013-04-17,,,,,,,,,
2013-04-18,,,,,,,,,
2013-04-19,,,,,,,,,
2013-04-20,,,,,,,,,
2013-04-21,,,,,,,,,
2013-04-22,,,,,,,,,
2013-04-23,190.0,2.0,83.0,310.0,4.0,113.0,,,
2013-04-24,225.0,2.0,86.0,378.0,9.0,122.0,,,
2013-04-25,,,,,,,,,
2013-04-26,,,,256.0,2.0,120.0,266.0,5.0,76.0
2013-04-27,,,,307.0,2.0,99.0,358.0,2.0,74.0
2013-04-28,,,,249.0,3.0,121.0,325.0,4.0,85.0
2013-04-29,,,,,,,,,
2013-04-30,,,,,,,,,
2013-05-01,,,,376.0,6.0,122.0,,,
2013-05-02,,,,,,,,,
2013-05-03,,,,,,,,,
2013-05-04,,,,,,,,,
2013-05-05,,,,,,,,,
2013-05-06,256.0,2.0,103.0,,,,481.0,4.0,111.0
2013-05-07,263.0,3.0,84.0,,,,523.0,7.0,108.0
2013-05-08,235.0,4.0,106.0,,,,371.0,5.0,119.0
2013-05-09,,,,,,,,,
2013-05-10,,,,,,,,,
2013-05-11,,,,,,,,,
2013-05-12,,,,,,,,,
2013-05-13,,,,,,,,,
2013-05-14,273.0,2.0,71.0,,,,417.0,3.0,96.0
2013-05-15,251.0,2.0,88.0,344.0,2.0,126.0,343.0,4.0,117.0
2013-05-16,261.0,2.0,89.0,423.0,2.0,119.0,375.0,2.0,112.0
2013-05-17,,,,,,,,,
2013-05-18,,,,,,,,,
2013-05-19,,,,,,,,,
2013-05-20,,,,88.0,2.0,48.0,,,
2013-05-21,,,,410.0,2.0,112.0,,,
2013-05-22,,,,388.0,2.0,117.0,,,
2013-05-23,,,,411.0,2.0,124.0,,,
2013-05-24,,,,,,,,,
2013-05-25,,,,,,,,,
2013-05-26,,,,,,,,,
2013-05-27,,,,,,,,,
2013-05-28,,,,,,,,,
2013-05-29,285.0,3.0,97.0,,,,365.0,6.0,113.0
2013-05-30,244.0,2.0,72.0,,,,321.0,6.0,97.0
2013-05-31,,,,,,,,,
2013-06-01,,,,,,,,,
2013-06-02,,,,,,,,,
2013-06-03,,,,,,,,,
2013-06-04,218.0,3.0,80.0,259.0,5.0,98.0,,,
2013-06-05,248.0,3.0,74.0,274.0,2.0,98.0,,,
2013-06-06,,,,,,,,,
2013-06-07,,,,,,,,,
2013-06-08,,,,,,,,,
2013-06-09,,,,,,,,,
2013-06-10,,,,,,,,,
2013-06-11,,,,201.0,6.0,75.0,,,
2013-06-12,,,,188.0,2.0,76.0,,,
2013-06-13,,,,210.0,4.0,78.0,,,
2013-06-14,,,,,,,,,
2013-06-15,,,,,,,,,
2013-06-16,,,,,,,,,
2013-06-17,,,,,,,,,
2013-06-18,152.0,2.0,74.0,,,,,,
2013-06-19,159.0,2.0,86.0,,,,,,
2013-06-20,167.0,2.0,73.0,,,,,,
2013-06-21,,,,,,,,,
2013-06-22,,,,,,,,,
2013-06-23,,,,,,,,,
2013-06-24,,,,,,,,,
2013-06-25,101.0,2.0,53.0,158.0,2.0,66.0,,,
2013-06-26,144.0,2.0,76.0,161.0,2.0,74.0,,,
2013-06-27,176.0,2.0,70.0,199.0,2.0,68.0,,,
2013-06-28,,,,,,,,,
2013-06-29,,,,,,,,,
2013-06-30,,,,,,,,,
2013-07-01,,,,,,,,,
2013-07-02,,,,,,,,,
2013-07-03,,,,,,,,,
2013-07-04,,,,,,,,,
2013-07-05,102.0,2.0,40.0,112.0,2.0,54.0,,,
2013-07-06,98.0,2.0,40.0,101.0,2.0,52.0,,,
2013-07-07,,,,,,,,,
2013-07-08,,,,,,,,,
2013-07-09,,,,,,,,,
2013-07-10,,,,,,,,,
2013-07-11,83.0,2.0,48.0,102.0,2.0,60.0,,,
2013-07-12,63.0,3.0,49.0,97.0,2.0,59.0,,,
2013-07-13,,,,,,,,,
2013-07-14,,,,,,,,,
2013-07-15,,,,,,,,,
2013-07-16,,,,,,,,,
2013-07-17,,,,,,,,,
2013-07-18,,,,,,,,,
2013-07-19,69.0,2.0,34.0,86.0,2.0,45.0,,,
2013-07-20,75.0,2.0,64.0,,,,,,
2013-07-21,,,,,,,,,
2013-07-22,,,,,,,,,
2013-07-23,,,,135.0,2.0,77.0,,,
2013-07-24,79.0,2.0,43.0,93.0,2.0,58.0,,,
2013-07-25,50.0,3.0,43.0,,,,,,
2013-07-26,,,,,,,,,
2013-07-27,,,,,,,,,
2013-07-28,,,,,,,,,
2013-07-29,,,,,,,,,
2013-07-30,,,,,,,,,
2013-07-31,,,,,,,,,
2013-08-01,72.0,3.0,44.0,103.0,2.0,62.0,,,
2013-08-02,76.0,3.0,38.0,97.0,2.0,43.0,,,
2013-08-03,79.0,4.0,52.0,,,,,,
2013-08-04,,,,,,,,,
2013-08-05,,,,,,,,,
2013-08-06,,,,78.0,2.0,92.0,66.0,2.0,100.0
2013-08-07,,,,,,,102.0,2.0,94.0
2013-08-08,,,,,,,,,
2013-08-09,,,,,,,,,
2013-08-10,,,,,,,,,
2013-08-11,,,,,,,,,
2013-08-12,65.0,2.0,70.0,87.0,2.0,71.0,,,
2013-08-13,61.0,2.0,47.0,67.0,2.0,57.0,,,
2013-08-14,,,,,,,,,
2013-08-15,,,,,,,,,
2013-08-16,,,,,,,,,
2013-08-17,,,,,,,,,
2013-08-18,,,,,,,,,
2013-08-19,,,,77.0,2.0,60.0,107.0,2.0,60.0
2013-08-20,,,,90.0,2.0,78.0,79.0,2.0,83.0
2013-08-21,,,,67.0,2.0,55.0,66.0,3.0,46.0
2013-08-22,,,,,,,,,
2013-08-23,,,,,,,,,
2013-08-24,,,,,,,,,
2013-08-25,,,,,,,,,
2013-08-26,,,,,,,124.0,10.0,68.0
2013-08-27,90.0,8.0,50.0,,,,105.0,10.0,52.0
2013-08-28,93.0,9.0,40.0,,,,132.0,10.0,50.0
2013-08-29,119.0,5.0,57.0,,,,,,
2013-08-30,,,,,,,,,
2013-08-31,,,,,,,,,
2013-09-01,,,,,,,,,
2013-09-02,,,,,,,,,
2013-09-03,,,,,,,,,
2013-09-04,,,,95.0,2.0,42.0,85.0,2.0,25.0
2013-09-05,,,,115.0,2.0,52.0,75.0,2.0,37.0
2013-09-06,,,,121.0,2.0,67.0,106.0,2.0,44.0
2013-09-07,,,,,,,,,
2013-09-08,,,,,,,,,
2013-09-09,,,,,,,,,
2013-09-10,117.0,2.0,72.0,,,,123.0,3.0,71.0
2013-09-11,97.0,2.0,93.0,,,,102.0,2.0,75.0
2013-09-12,125.0,4.0,69.0,,,,104.0,2.0,74.0
2013-09-13,,,,,,,,,
2013-09-14,,,,,,,,,
2013-09-15,,,,,,,,,
2013-09-16,,,,,,,,,
2013-09-17,101.0,3.0,65.0,105.0,2.0,104.0,,,
2013-09-18,98.0,3.0,61.0,106.0,4.0,92.0,,,
2013-09-19,150.0,6.0,67.0,126.0,4.0,89.0,,,
2013-09-20,,,,,,,,,
2013-09-21,,,,,,,,,
2013-09-22,,,,,,,,,
2013-09-23,,,,,,,,,
2013-09-24,,,,68.0,2.0,69.0,134.0,2.0,41.0
2013-09-25,,,,70.0,3.0,68.0,80.0,2.0,70.0
2013-09-26,,,,,,,,,
2013-09-27,108.0,2.0,79.0,,,,,,
2013-09-28,99.0,3.0,86.0,,,,,,
2013-09-29,,,,,,,,,
2013-09-30,,,,,,,,,
2013-10-01,,,,,,,,,
2013-10-02,,,,,,,,,
2013-10-03,,,,45.0,2.0,50.0,84.0,2.0,29.0
2013-10-04,,,,71.0,2.0,51.0,117.0,2.0,40.0
2013-10-05,,,,,,,,,
2013-10-06,,,,,,,,,
2013-10-07,,,,,,,,,
2013-10-08,,,,87.0,3.0,83.0,,,
2013-10-09,81.0,2.0,61.0,79.0,4.0,79.0,,,
2013-10-10,117.0,2.0,84.0,95.0,4.0,86.0,,,
2013-10-11,,,,,,,,,
2013-10-12,,,,,,,,,
2013-10-13,,,,,,,,,
2013-10-14,,,,,,,,,
2013-10-15,137.0,2.0,126.0,,,,167.0,2.0,88.0
2013-10-16,177.0,5.0,105.0,,,,260.0,3.0,94.0
2013-10-17,,,,,,,205.0,3.0,82.0
2013-10-18,,,,,,,,,
2013-10-19,,,,,,,,,
2013-10-20,,,,,,,,,
2013-10-21,,,,,,,,,
2013-10-22,,,,234.0,19.0,157.0,,,
2013-10-23,259.0,6.0,126.0,257.0,40.0,140.0,,,
2013-10-24,247.0,8.0,159.0,284.0,3.0,156.0,,,
2013-10-25,317.0,7.0,122.0,,,,,,
2013-10-26,,,,,,,,,
2013-10-27,,,,,,,,,
2013-10-28,,,,,,,421.0,3.0,128.0
2013-10-29,,,,,,,524.0,4.0,115.0
2013-10-30,218.0,7.0,159.0,,,,404.0,8.0,129.0
2013-10-31,,,,,,,,,
2013-11-01,232.0,2.0,102.0,,,,388.0,5.0,88.0
2013-11-02,380.0,4.0,80.0,,,,536.0,6.0,89.0
2013-11-03,,,,,,,,,
2013-11-04,,,,,,,,,
2013-11-05,433.0,7.0,140.0,,,,626.0,10.0,124.0
2013-11-06,254.0,9.0,108.0,,,,436.0,13.0,122.0
2013-11-07,288.0,7.0,111.0,,,,397.0,6.0,120.0
2013-11-08,,,,,,,,,
2013-11-09,,,,,,,,,
2013-11-10,,,,,,,,,
2013-11-11,,,,,,,,,
2013-11-12,,,,312.0,8.0,199.0,,,
2013-11-13,,,,322.0,3.0,173.0,411.0,6.0,106.0
2013-11-14,,,,272.0,15.0,146.0,398.0,11.0,128.0
2013-11-15,,,,,,,373.0,8.0,131.0
2013-11-16,,,,,,,,,
2013-11-17,,,,,,,,,
2013-11-18,,,,,,,,,
2013-11-19,161.0,2.0,115.0,223.0,5.0,116.0,,,
2013-11-20,248.0,8.0,172.0,367.0,8.0,142.0,,,
2013-11-21,284.0,11.0,152.0,345.0,20.0,138.0,,,
2013-11-22,,,,,,,,,
2013-11-23,,,,,,,,,
2013-11-24,,,,,,,,,
2013-11-25,,,,,,,,,
2013-11-26,,,,202.0,7.0,115.0,,,
2013-11-27,,,,326.0,3.0,117.0,,,
2013-11-28,,,,,,,,,
2013-11-29,,,,,,,,,
2013-11-30,,,,,,,,,
2013-12-01,,,,,,,,,
2013-12-02,,,,,,,,,
2013-12-03,,,,,,,,,
2013-12-04,,,,,,,,,
2013-12-05,,,,207.0,5.0,131.0,311.0,6.0,124.0
2013-12-06,,,,326.0,6.0,127.0,395.0,13.0,125.0
2013-12-07,,,,,,,,,
2013-12-08,,,,,,,,,
2013-12-09,,,,,,,,,
2013-12-10,204.0,6.0,114.0,292.0,3.0,131.0,,,
2013-12-11,317.0,8.0,94.0,237.0,4.0,104.0,,,
2013-12-12,161.0,8.0,81.0,152.0,3.0,96.0,,,
2013-12-13,,,,,,,,,
2013-12-14,,,,,,,,,
2013-12-15,,,,,,,,,
2013-12-16,,,,,,,,,
2013-12-17,492.0,3.0,129.0,,,,670.0,2.0,105.0
2013-12-18,321.0,5.0,107.0,,,,480.0,4.0,104.0
2013-12-19,256.0,3.0,79.0,,,,363.0,4.0,117.0
2013-12-20,,,,,,,,,
2013-12-21,,,,,,,,,
2013-12-22,,,,,,,,,
2013-12-23,,,,,,,,,
2013-12-24,,,,193.0,2.0,114.0,296.0,3.0,110.0
2013-12-25,,,,203.0,2.0,112.0,286.0,2.0,24.0
2013-12-26,,,,217.0,2.0,117.0,,,
2013-12-27,,,,,,,,,
2013-12-28,229.0,9.0,87.0,,,,,,
2013-12-29,210.0,7.0,61.0,,,,,,
2013-12-30,,,,,,,239.0,11.0,72.0
2013-12-31,,,,,,,,,
2014-01-01,,,,,,,,,
2014-01-02,,,,,,,,,
2014-01-03,,,,,,,,,
2014-01-04,,,,214.0,24.0,108.0,,,
2014-01-05,,,,,,,,,
2014-01-06,,,,,,,,,
2014-01-07,96.0,4.0,47.0,98.0,6.0,72.0,,,
2014-01-08,,,,,,,,,
2014-01-09,,,,,,,,,
2014-01-10,,,,,,,,,
2014-01-11,,,,,,,,,
2014-01-12,,,,,,,,,
2014-01-13,,,,,,,,,
2014-01-14,375.0,22.0,117.0,,,,,,
2014-01-15,396.0,19.0,113.0,499.0,10.0,114.0,,,
2014-01-16,337.0,28.0,101.0,444.0,6.0,82.0,,,
2014-01-17,,,,228.0,2.0,75.0,,,
2014-01-18,,,,,,,,,
2014-01-19,,,,,,,,,
2014-01-20,,,,,,,,,
2014-01-21,129.0,8.0,61.0,,,,138.0,5.0,64.0
2014-01-22,99.0,5.0,45.0,,,,149.0,2.0,54.0
2014-01-23,167.0,2.0,63.0,,,,250.0,4.0,84.0
2014-01-24,,,,,,,,,
2014-01-25,,,,,,,,,
2014-01-26,,,,,,,,,
2014-01-27,,,,,,,,,
2014-01-28,,,,368.0,6.0,60.0,,,
2014-01-29,,,,327.0,3.0,59.0,,,
2014-01-30,,,,,,,,,
2014-01-31,,,,,,,,,
2014-02-01,287.0,8.0,53.0,,,,308.0,17.0,55.0
2014-02-02,,,,,,,,,
2014-02-03,,,,,,,,,
2014-02-04,,,,128.0,7.0,85.0,219.0,2.0,85.0
2014-02-05,,,,,,,,,
2014-02-06,,,,,,,,,
2014-02-07,67.0,2.0,87.0,94.0,2.0,91.0,,,
2014-02-08,,,,,,,,,
2014-02-09,39.0,2.0,45.0,29.0,2.0,44.0,,,
2014-02-10,,,,,,,,,
2014-02-11,,,,,,,,,
2014-02-12,,,,,,,,,
2014-02-13,,,,145.0,4.0,85.0,186.0,9.0,91.0
2014-02-14,,,,136.0,4.0,46.0,,,
2014-02-15,,,,,,,,,
2014-02-16,,,,,,,,,
2014-02-17,,,,,,,,,
2014-02-18,198.0,8.0,108.0,,,,458.0,5.0,111.0
2014-02-19,258.0,13.0,111.0,,,,390.0,21.0,115.0
2014-02-20,242.0,11.0,92.0,,,,454.0,9.0,97.0
2014-02-21,,,,,,,,,
2014-02-22,176.0,6.0,110.0,,,,,,
2014-02-23,154.0,4.0,82.0,,,,,,
2014-02-24,,,,,,,,,
2014-02-25,,,,244.0,17.0,109.0,314.0,5.0,105.0
2014-02-26,,,,213.0,21.0,112.0,257.0,16.0,116.0
2014-02-27,,,,,,,,,
2014-02-28,,,,,,,,,
2014-03-01,358.0,13.0,77.0,,,,563.0,9.0,112.0
2014-03-02,,,,,,,,,
2014-03-03,,,,,,,,,
2014-03-04,,,,81.0,4.0,85.0,215.0,11.0,88.0
2014-03-05,,,,,,,,,
2014-03-06,,,,216.0,3.0,106.0,305.0,3.0,111.0
2014-03-07,69.0,4.0,47.0,81.0,2.0,48.0,,,
2014-03-08,,,,,,,,,
2014-03-09,22.0,3.0,51.0,29.0,2.0,43.0,,,
2014-03-10,,,,,,,,,
2014-03-11,,,,,,,,,
2014-03-12,,,,,,,395.0,2.0,152.0
2014-03-13,100.0,15.0,80.0,,,,141.0,4.0,93.0
2014-03-14,,,,,,,,,
2014-03-15,,,,,,,,,
2014-03-16,,,,,,,,,
2014-03-17,,,,,,,,,
2014-03-18,,,,,,,,,
2014-03-19,,,,118.0,8.0,76.0,128.0,10.0,58.0
2014-03-20,,,,139.0,17.0,109.0,188.0,6.0,86.0
2014-03-21,,,,137.0,27.0,99.0,,,
2014-03-22,,,,,,,,,
2014-03-23,,,,,,,,,
2014-03-24,,,,,,,,,
2014-03-25,141.0,21.0,82.0,155.0,24.0,83.0,,,
2014-03-26,97.0,17.0,85.0,131.0,25.0,84.0,,,
2014-03-27,106.0,12.0,93.0,,,,,,
2014-03-28,,,,,,,,,
2014-03-29,73.0,8.0,65.0,,,,,,
2014-03-30,88.0,9.0,65.0,,,,,,
2014-03-31,,,,,,,,,
2014-04-01,,,,,,,,,
2014-04-02,196.0,7.0,78.0,221.0,5.0,110.0,,,
2014-04-03,,,,138.0,9.0,106.0,253.0,10.0,66.0
2014-04-04,,,,,,,,,
2014-04-05,,,,,,,,,
2014-04-06,,,,214.0,2.0,103.0,300.0,2.0,109.0
2014-04-07,,,,,,,,,
2014-04-08,,,,,,,,,
2014-04-09,21.0,12.0,37.0,25.0,2.0,36.0,,,
2014-04-10,129.0,2.0,90.0,154.0,2.0,88.0,,,
2014-04-11,,,,305.0,2.0,136.0,442.0,5.0,142.0
2014-04-12,228.0,7.0,121.0,,,,414.0,14.0,163.0
2014-04-13,,,,177.0,21.0,76.0,,,
2014-04-14,115.0,8.0,103.0,,,,,,
2014-04-15,137.0,6.0,114.0,,,,277.0,2.0,44.0
2014-04-16,78.0,19.0,18.0,,,,181.0,10.0,72.0
2014-04-17,,,,,,,110.0,2.0,75.0
2014-04-18,,,,,,,,,
2014-04-19,153.0,10.0,119.0,,,,,,
2014-04-20,84.0,9.0,104.0,,,,,,
2014-04-21,128.0,13.0,74.0,,,,,,
2014-04-22,,,,,,,,,
2014-04-23,124.0,11.0,93.0,,,,245.0,28.0,123.0
2014-04-24,164.0,12.0,109.0,,,,,,
2014-04-25,,,,,,,300.0,19.0,137.0
2014-04-25,,,,,,,303.0,17.0,131.0
2014-04-26,,,,,,,,,
2014-04-27,,,,,,,,,
2014-04-28,,,,198.0,3.0,122.0,,,
2014-04-29,,,,239.0,6.0,117.0,,,
2014-04-30,,,,,,,,,
2014-05-01,,,,,,,,,
2014-05-02,194.0,8.0,103.0,226.0,16.0,112.0,,,
2014-05-03,,,,98.0,6.0,87.0,149.0,5.0,68.0
2014-05-04,,,,,,,,,
2014-05-05,,,,,,,,,
2014-05-06,,,,193.0,2.0,113.0,217.0,2.0,63.0
2014-05-07,,,,,,,,,
2014-05-08,,,,106.0,4.0,105.0,186.0,5.0,47.0
2014-05-09,,,,,,,,,
2014-05-10,157.0,2.0,68.0,144.0,2.0,73.0,,,
2014-05-11,,,,269.0,2.0,111.0,376.0,5.0,128.0
2014-05-12,249.0,4.0,122.0,,,,,,
2014-05-13,77.0,2.0,53.0,,,,106.0,2.0,67.0
2014-05-14,96.0,8.0,72.0,,,,150.0,10.0,81.0
2014-05-15,65.0,5.0,68.0,,,,168.0,2.0,86.0
2014-05-16,,,,,,,,,
2014-05-17,,,,,,,,,
2014-05-18,,,,,,,,,
2014-05-19,,,,,,,,,
2014-05-20,141.0,4.0,61.0,143.0,8.0,94.0,,,
2014-05-21,137.0,5.0,74.0,152.0,6.0,81.0,,,
2014-05-22,180.0,5.0,77.0,182.0,13.0,103.0,,,
2014-05-23,,,,,,,,,
2014-05-24,,,,,,,,,
2014-05-25,,,,,,,,,
2014-05-26,,,,,,,,,
2014-05-27,153.0,15.0,115.0,,,,222.0,2.0,107.0
2014-05-28,137.0,5.0,111.0,,,,257.0,2.0,125.0
2014-05-29,,,,256.0,2.0,103.0,,,
2014-05-30,,,,208.0,11.0,118.0,,,
2014-05-31,,,,,,,,,
2014-06-01,,,,,,,,,
2014-06-02,174.0,22.0,90.0,143.0,18.0,97.0,,,
2014-06-03,,,,133.0,3.0,82.0,189.0,7.0,77.0
2014-06-04,,,,,,,,,
2014-06-05,,,,134.0,5.0,109.0,127.0,4.0,72.0
2014-06-06,,,,,,,,,
2014-06-07,,,,,,,,,
2014-06-08,,,,43.0,7.0,55.0,108.0,9.0,56.0
2014-06-09,,,,,,,,,
2014-06-10,,,,,,,,,
2014-06-11,,,,296.0,2.0,133.0,452.0,10.0,148.0
2014-06-12,,,,,,,,,
2014-06-13,,,,,,,,,
2014-06-14,,,,,,,,,
2014-06-15,,,,,,,,,
2014-06-16,,,,,,,,,
2014-06-17,136.0,4.0,49.0,,,,230.0,2.0,55.0
2014-06-18,71.0,2.0,60.0,,,,128.0,2.0,56.0
2014-06-19,117.0,2.0,69.0,,,,169.0,2.0,58.0
2014-06-20,,,,,,,,,
2014-06-21,,,,,,,,,
2014-06-22,,,,,,,,,
2014-06-23,,,,,,,,,
2014-06-24,163.0,2.0,49.0,154.0,2.0,65.0,,,
2014-06-25,101.0,2.0,40.0,142.0,2.0,69.0,,,
2014-06-26,,,,,,,226.0,3.0,47.0
2014-06-27,,,,,,,159.0,2.0,17.0
2014-06-28,,,,,,,,,
2014-06-29,,,,,,,,,
2014-06-30,,,,,,,,,
2014-07-01,,,,421.0,12.0,114.0,543.0,15.0,99.0
2014-07-02,,,,,,,,,
2014-07-03,,,,,,,,,
2014-07-04,,,,,,,,,
2014-07-05,,,,281.0,15.0,113.0,366.0,17.0,82.0
2014-07-06,,,,,,,,,
2014-07-07,,,,,,,,,
2014-07-08,,,,52.0,7.0,56.0,181.0,5.0,78.0
2014-07-09,,,,,,,,,
2014-07-10,,,,,,,,,
2014-07-11,,,,,,,,,
2014-07-12,,,,,,,,,
2014-07-13,,,,,,,,,
2014-07-14,,,,,,,,,
2014-07-15,67.0,6.0,33.0,,,,140.0,5.0,90.0
2014-07-16,35.0,7.0,60.0,,,,113.0,2.0,81.0
2014-07-17,192.0,2.0,45.0,,,,67.0,2.0,65.0
2014-07-18,,,,,,,,,
2014-07-19,,,,,,,,,
2014-07-20,,,,,,,,,
2014-07-21,,,,,,,,,
2014-07-22,,,,47.0,2.0,93.0,81.0,2.0,79.0
2014-07-23,,,,39.0,5.0,55.0,114.0,2.0,49.0
2014-07-24,,,,,,,,,
2014-07-25,,,,,,,,,
2014-07-26,,,,,,,,,
2014-07-27,,,,,,,,,
2014-07-28,,,,,,,,,
2014-07-29,58.0,3.0,47.0,,,,,,
2014-07-30,68.0,3.0,34.0,,,,,,
2014-07-31,,,,,,,,,
2014-08-01,,,,459.0,14.0,91.0,512.0,15.0,74.0
2014-08-02,,,,,,,,,
2014-08-03,,,,,,,,,
2014-08-04,,,,,,,,,
2014-08-05,,,,211.0,2.0,96.0,281.0,11.0,103.0
2014-08-06,,,,,,,,,
2014-08-07,,,,222.0,2.0,63.0,314.0,2.0,78.0
2014-08-08,,,,,,,,,
2014-08-09,,,,,,,,,
2014-08-10,,,,,,,,,
2014-08-11,,,,,,,,,
2014-08-12,,,,,,,,,
2014-08-13,,,,,,,,,
2014-08-14,,,,,,,,,
2014-08-15,,,,,,,,,
2014-08-16,,,,,,,,,
2014-08-17,,,,,,,,,
2014-08-18,,,,,,,,,
2014-08-19,140.0,2.0,99.0,129.0,2.0,92.0,,,
2014-08-20,158.0,2.0,76.0,110.0,2.0,88.0,,,
2014-08-21,117.0,2.0,78.0,98.0,2.0,89.0,,,
2014-08-22,,,,,,,,,
2014-08-23,,,,,,,,,
2014-08-24,,,,,,,,,
2014-08-25,65.0,2.0,63.0,,,,175.0,2.0,76.0
2014-08-26,47.0,2.0,67.0,,,,200.0,2.0,68.0
2014-08-27,67.0,4.0,63.0,,,,138.0,3.0,53.0
2014-08-28,,,,,,,,,
2014-08-29,,,,100.0,5.0,106.0,,,
2014-08-30,,,,78.0,5.0,105.0,,,
2014-08-31,,,,,,,,,
2014-09-01,,,,541.0,14.0,106.0,683.0,18.0,100.0
2014-09-02,,,,,,,,,
2014-09-03,,,,,,,,,
2014-09-04,,,,,,,,,
2014-09-05,,,,,,,,,
2014-09-06,,,,,,,,,
2014-09-07,,,,182.0,2.0,66.0,425.0,2.0,82.0
2014-09-08,,,,,,,,,
2014-09-09,,,,65.0,3.0,67.0,,,
2014-09-10,51.0,8.0,62.0,,,,,,
2014-09-11,,,,,,,,,
2014-09-12,,,,,,,,,
2014-09-13,,,,,,,,,
2014-09-14,,,,,,,,,
2014-09-15,,,,,,,,,
2014-09-16,52.0,2.0,55.0,,,,125.0,2.0,50.0
2014-09-17,56.0,2.0,81.0,,,,153.0,2.0,38.0
2014-09-18,,,,,,,169.0,2.0,56.0
2014-09-19,,,,,,,,,
2014-09-20,,,,,,,,,
2014-09-21,,,,,,,,,
2014-09-22,,,,,,,,,
2014-09-23,,,,97.0,2.0,73.0,240.0,2.0,81.0
2014-09-24,,,,86.0,4.0,69.0,236.0,3.0,67.0
2014-09-25,,,,,,,198.0,2.0,71.0
2014-09-26,,,,,,,,,
2014-09-27,,,,,,,,,
2014-09-28,,,,,,,188.0,4.0,49.0
2014-09-29,,,,,,,246.0,2.0,63.0
2014-09-30,,,,,,,,,
2014-10-01,,,,,,,,,
2014-10-02,,,,,,,,,
2014-10-03,,,,,,,,,
2014-10-04,,,,,,,,,
2014-10-05,,,,,,,,,
2014-10-06,268.0,3.0,31.0,242.0,3.0,44.0,,,
2014-10-07,,,,168.0,2.0,65.0,335.0,2.0,80.0
2014-10-08,,,,,,,,,
2014-10-09,53.0,3.0,66.0,61.0,3.0,85.0,,,
2014-10-10,,,,,,,,,
2014-10-11,,,,,,,,,
2014-10-12,247.0,17.0,143.0,,,,545.0,7.0,142.0
2014-10-13,,,,,,,,,
2014-10-14,,,,,,,,,
2014-10-15,,,,,,,220.0,5.0,61.0
2014-10-16,,,,,,,273.0,2.0,90.0
2014-10-17,,,,,,,358.0,2.0,80.0
2014-10-18,,,,,,,,,
2014-10-19,,,,,,,,,
2014-10-20,,,,,,,,,
2014-10-21,,,,,,,546.0,2.0,141.0
2014-10-22,,,,,,,420.0,2.0,163.0
2014-10-23,,,,,,,,,
2014-10-24,,,,,,,,,
2014-10-25,,,,,,,459.0,4.0,122.0
2014-10-26,,,,,,,319.0,4.0,100.0
2014-10-27,,,,,,,275.0,2.0,142.0
2014-10-28,,,,,,,,,
2014-10-29,,,,,,,,,
2014-10-30,,,,,,,,,
2014-10-31,,,,,,,,,
2014-11-01,,,,,,,,,
2014-11-02,,,,,,,273.0,9.0,92.0
2014-11-03,90.0,4.0,58.0,,,,93.0,3.0,71.0
2014-11-04,,,,219.0,15.0,134.0,,,
2014-11-05,,,,,,,,,
2014-11-06,332.0,2.0,11.0,289.0,2.0,44.0,,,
2014-11-07,,,,,,,,,
2014-11-08,56.0,2.0,35.0,,,,119.0,3.0,59.0
2014-11-09,57.0,4.0,51.0,59.0,12.0,90.0,,,
2014-11-10,,,,,,,,,
2014-11-11,,,,407.0,6.0,152.0,508.0,8.0,176.0
2014-11-12,286.0,13.0,150.0,,,,469.0,5.0,160.0
2014-11-13,,,,327.0,6.0,164.0,,,
2014-11-14,,,,,,,,,
2014-11-15,,,,,,,,,
2014-11-16,,,,,,,,,
2014-11-17,,,,,,,,,
2014-11-18,194.0,5.0,185.0,,,,709.0,2.0,196.0
2014-11-19,254.0,7.0,177.0,,,,609.0,3.0,147.0
2014-11-20,258.0,4.0,176.0,,,,581.0,6.0,169.0
2014-11-21,,,,,,,,,
2014-11-22,,,,,,,,,
2014-11-23,,,,,,,,,
2014-11-24,,,,,,,,,
2014-11-25,219.0,9.0,152.0,268.0,12.0,162.0,,,
2014-11-26,274.0,16.0,146.0,309.0,11.0,167.0,,,
2014-11-27,355.0,20.0,160.0,,,,,,
2014-11-28,366.0,7.0,157.0,,,,,,
2014-11-29,306.0,19.0,145.0,,,,,,
2014-11-30,,,,,,,,,
2014-12-01,,,,,,,,,
2014-12-02,,,,217.0,3.0,90.0,323.0,18.0,100.0
2014-12-03,72.0,4.0,64.0,,,,121.0,4.0,58.0
2014-12-04,,,,246.0,18.0,120.0,,,
2014-12-05,,,,,,,,,
2014-12-06,243.0,2.0,45.0,187.0,2.0,24.0,,,
2014-12-07,,,,,,,,,
2014-12-08,35.0,2.0,34.0,,,,97.0,2.0,39.0
2014-12-09,,,,,,,,,
2014-12-10,,,,,,,,,
2014-12-11,,,,429.0,3.0,156.0,537.0,11.0,195.0
2014-12-12,500.0,12.0,172.0,,,,657.0,20.0,209.0
2014-12-13,,,,,,,,,
2014-12-14,,,,,,,,,
2014-12-15,,,,,,,,,
2014-12-16,223.0,7.0,100.0,250.0,14.0,127.0,,,
2014-12-17,245.0,8.0,119.0,289.0,10.0,118.0,,,
2014-12-18,403.0,14.0,123.0,400.0,15.0,114.0,,,
2014-12-19,,,,,,,,,
2014-12-20,,,,,,,,,
2014-12-21,,,,,,,,,
2014-12-22,,,,,,,,,
2014-12-23,,,,567.0,2.0,175.0,633.0,3.0,169.0
2014-12-24,,,,375.0,3.0,124.0,369.0,2.0,118.0
2014-12-25,,,,283.0,2.0,125.0,323.0,2.0,102.0
2014-12-26,,,,,,,,,
2014-12-27,,,,,,,,,
2014-12-28,,,,,,,,,
2014-12-29,,,,452.0,6.0,166.0,,,
2014-12-30,,,,288.0,2.0,118.0,,,
2014-12-31,,,,,,,,,
2015-01-01,,,,,,,,,
2015-01-02,,,,,,,,,
2015-01-03,,,,,,,,,
2015-01-04,,,,,,,,,
2015-01-05,,,,,,,,,
2015-01-06,242.0,3.0,73.0,236.0,6.0,90.0,,,
2015-01-07,184.0,2.0,84.0,269.0,4.0,89.0,,,
2015-01-08,211.0,2.0,86.0,,,,,,
2015-01-09,,,,,,,,,
2015-01-10,,,,,,,,,
2015-01-11,,,,,,,,,
2015-01-12,,,,,,,,,
2015-01-13,,,,,,,,,
2015-01-14,162.0,8.0,117.0,,,,344.0,9.0,99.0
2015-01-15,179.0,10.0,107.0,,,,304.0,10.0,98.0
2015-01-16,173.0,9.0,109.0,,,,374.0,8.0,122.0
2015-01-17,,,,,,,,,
2015-01-18,,,,,,,,,
2015-01-19,,,,,,,,,
2015-01-20,,,,,,,,,
2015-01-21,,,,,,,,,
2015-01-22,,,,,,,,,
2015-01-23,,,,,,,,,
2015-01-24,,,,,,,,,
2015-01-25,,,,,,,,,
2015-01-26,,,,,,,,,
2015-01-27,,,,271.0,2.0,78.0,224.0,2.0,66.0
2015-01-28,,,,280.0,3.0,72.0,270.0,6.0,82.0
2015-01-29,,,,279.0,2.0,101.0,251.0,7.0,76.0
2015-01-30,,,,,,,234.0,16.0,66.0
2015-01-31,,,,,,,,,
2015-02-01,,,,,,,,,
2015-02-02,,,,,,,,,
2015-02-03,,,,,,,,,
2015-02-04,143.0,4.0,84.0,163.0,9.0,102.0,,,
2015-02-05,208.0,6.0,91.0,301.0,6.0,130.0,,,
2015-02-06,,,,,,,,,
2015-02-07,,,,,,,,,
2015-02-08,,,,,,,,,
2015-02-09,,,,,,,,,
2015-02-10,,,,266.0,2.0,179.0,293.0,3.0,133.0
2015-02-11,,,,263.0,2.0,147.0,356.0,4.0,112.0
2015-02-12,,,,258.0,3.0,132.0,312.0,5.0,115.0
2015-02-13,,,,,,,,,
2015-02-14,,,,,,,,,
2015-02-15,,,,,,,,,
2015-02-16,,,,,,,,,
2015-02-17,251.0,2.0,132.0,297.0,9.0,126.0,,,
2015-02-18,221.0,2.0,133.0,274.0,6.0,105.0,,,
2015-02-19,184.0,3.0,79.0,207.0,8.0,61.0,,,
2015-02-20,,,,,,,,,
2015-02-21,,,,,,,257.0,3.0,113.0
2015-02-22,,,,,,,269.0,6.0,88.0
2015-02-23,,,,,,,,,
2015-02-24,186.0,8.0,82.0,,,,286.0,17.0,99.0
2015-02-25,160.0,9.0,66.0,,,,322.0,10.0,85.0
2015-02-26,136.0,8.0,84.0,,,,333.0,10.0,104.0
2015-02-27,,,,,,,,,
2015-02-28,,,,,,,,,
2015-03-01,,,,,,,,,
2015-03-02,,,,,,,,,
2015-03-03,,,,92.0,2.0,95.0,165.0,7.0,130.0
2015-03-04,,,,128.0,4.0,137.0,254.0,4.0,95.0
2015-03-05,,,,,,,,,
2015-03-06,,,,,,,,,
2015-03-07,,,,,,,,,
2015-03-08,,,,,,,,,
2015-03-09,,,,,,,,,
2015-03-10,120.0,8.0,120.0,132.0,5.0,103.0,,,
2015-03-11,166.0,2.0,125.0,182.0,3.0,101.0,,,
2015-03-12,,,,165.0,10.0,139.0,,,
2015-03-13,,,,,,,248.0,17.0,139.0
2015-03-14,,,,,,,117.0,3.0,63.0
2015-03-15,,,,,,,89.0,3.0,97.0
2015-03-16,,,,,,,,,
2015-03-17,89.0,3.0,33.0,,,,152.0,2.0,52.0
2015-03-18,61.0,5.0,64.0,,,,173.0,3.0,100.0
2015-03-19,94.0,4.0,116.0,,,,207.0,5.0,77.0
2015-03-20,,,,,,,,,
2015-03-21,,,,,,,,,
2015-03-22,,,,,,,,,
2015-03-23,,,,,,,,,
2015-03-24,143.0,7.0,128.0,185.0,7.0,115.0,,,
2015-03-25,211.0,2.0,152.0,226.0,9.0,136.0,,,
2015-03-26,265.0,2.0,95.0,130.0,3.0,85.0,,,
2015-03-27,,,,,,,,,
2015-03-28,,,,,,,,,
2015-03-29,,,,,,,,,
2015-03-30,,,,,,,,,
2015-03-31,,,,,,,,,
2015-04-01,117.0,13.0,87.0,,,,,,
2015-04-02,62.0,4.0,68.0,,,,,,
2015-04-03,,,,,,,,,
2015-04-04,,,,,,,,,
2015-04-05,,,,,,,,,
2015-04-06,,,,,,,,,
2015-04-07,,,,162.0,17.0,108.0,202.0,25.0,118.0
2015-04-08,,,,214.0,3.0,98.0,215.0,5.0,114.0
2015-04-09,,,,292.0,11.0,104.0,287.0,5.0,127.0
2015-04-10,,,,,,,,,
2015-04-11,,,,,,,,,
2015-04-12,,,,,,,,,
2015-04-13,,,,,,,,,
2015-04-14,98.0,4.0,67.0,,,,260.0,15.0,120.0
2015-04-15,142.0,4.0,76.0,,,,308.0,13.0,112.0
2015-04-16,84.0,12.0,81.0,,,,150.0,30.0,106.0
2015-04-17,,,,,,,,,
2015-04-18,,,,,,,,,
2015-04-19,,,,,,,,,
2015-04-20,,,,499.0,3.0,145.0,,,
2015-04-21,,,,382.0,5.0,148.0,406.0,3.0,112.0
2015-04-22,,,,292.0,3.0,138.0,379.0,13.0,131.0
2015-04-23,,,,369.0,3.0,137.0,,,
2015-04-24,,,,409.0,3.0,125.0,,,
2015-04-25,,,,,,,,,
2015-04-26,,,,,,,,,
2015-04-27,241.0,3.0,53.0,,,,,,
2015-04-28,97.0,5.0,65.0,,,,,,
2015-04-29,148.0,4.0,75.0,,,,,,
2015-04-30,,,,,,,,,
2015-05-01,,,,,,,,,
2015-05-02,,,,,,,,,
2015-05-03,,,,,,,,,
2015-05-04,,,,,,,,,
2015-05-05,,,,,,,,,
2015-05-06,239.0,2.0,110.0,342.0,4.0,123.0,,,
2015-05-07,163.0,3.0,95.0,250.0,2.0,77.0,,,
2015-05-08,213.0,4.0,115.0,270.0,6.0,104.0,,,
2015-05-09,,,,,,,,,
2015-05-10,,,,,,,,,
2015-05-11,,,,,,,,,
2015-05-12,140.0,9.0,87.0,,,,448.0,17.0,102.0
2015-05-13,57.0,8.0,72.0,,,,110.0,8.0,80.0
2015-05-14,136.0,9.0,133.0,,,,300.0,17.0,83.0
2015-05-15,,,,,,,,,
2015-05-16,,,,,,,,,
2015-05-17,,,,,,,,,
2015-05-18,173.0,22.0,133.0,,,,,,
2015-05-19,175.0,10.0,108.0,211.0,12.0,93.0,,,
2015-05-20,,,,173.0,11.0,117.0,,,
2015-05-21,,,,174.0,2.0,114.0,,,
2015-05-22,,,,,,,,,
2015-05-23,,,,,,,,,
2015-05-24,,,,,,,,,
2015-05-25,,,,,,,892.0,2.0,100.0
2015-05-26,,,,219.0,13.0,93.0,388.0,2.0,63.0
2015-05-27,,,,393.0,10.0,108.0,602.0,5.0,94.0
2015-05-28,,,,,,,,,
2015-05-29,,,,,,,366.0,2.0,100.0
2015-05-30,,,,,,,408.0,2.0,104.0
2015-05-31,,,,,,,,,
2015-06-01,,,,,,,,,
2015-06-02,,,,142.0,6.0,116.0,205.0,2.0,94.0
2015-06-03,,,,93.0,8.0,92.0,163.0,2.0,87.0
2015-06-04,,,,176.0,17.0,114.0,274.0,19.0,111.0
2015-06-05,,,,,,,,,
2015-06-06,,,,,,,,,
2015-06-07,,,,,,,,,
2015-06-08,,,,,,,,,
2015-06-09,200.0,7.0,43.0,224.0,12.0,35.0,,,
2015-06-10,171.0,10.0,31.0,184.0,12.0,50.0,,,
2015-06-11,88.0,25.0,42.0,157.0,12.0,66.0,,,
2015-06-12,,,,,,,,,
2015-06-13,,,,,,,,,
2015-06-14,,,,,,,,,
2015-06-15,,,,,,,,,
2015-06-16,96.0,4.0,76.0,,,,174.0,2.0,76.0
2015-06-17,112.0,8.0,111.0,,,,200.0,2.0,109.0
2015-06-18,127.0,6.0,85.0,,,,236.0,2.0,106.0
2015-06-19,,,,,,,,,
2015-06-20,,,,,,,,,
2015-06-21,,,,,,,,,
2015-06-22,,,,,,,,,
2015-06-23,,,,138.0,15.0,83.0,286.0,11.0,74.0
2015-06-24,,,,53.0,3.0,62.0,105.0,4.0,57.0
2015-06-25,62.0,4.0,48.0,,,,,,
2015-06-26,61.0,2.0,54.0,,,,,,
2015-06-27,,,,,,,,,
2015-06-28,,,,,,,,,
2015-06-29,,,,,,,,,
2015-06-30,,,,,,,,,
2015-07-01,,,,72.0,2.0,29.0,164.0,2.0,23.0
2015-07-02,,,,89.0,2.0,33.0,191.0,2.0,32.0
2015-07-03,,,,,,,,,
2015-07-04,,,,,,,,,
2015-07-05,,,,,,,,,
2015-07-06,,,,,,,,,
2015-07-07,,,,63.0,11.0,97.0,113.0,6.0,66.0
2015-07-08,,,,78.0,4.0,102.0,111.0,2.0,88.0
2015-07-09,,,,62.0,2.0,80.0,77.0,4.0,78.0
2015-07-10,,,,,,,,,
2015-07-11,,,,,,,,,
2015-07-12,,,,,,,,,
2015-07-13,,,,,,,,,
2015-07-14,41.0,6.0,49.0,77.0,2.0,30.0,,,
2015-07-15,77.0,2.0,31.0,111.0,2.0,48.0,,,
2015-07-16,62.0,8.0,38.0,88.0,8.0,43.0,,,
2015-07-17,,,,,,,,,
2015-07-18,,,,,,,,,
2015-07-19,,,,,,,,,
2015-07-20,,,,,,,,,
2015-07-21,39.0,2.0,25.0,,,,56.0,3.0,54.0
2015-07-22,33.0,2.0,28.0,,,,122.0,2.0,45.0
2015-07-23,32.0,2.0,33.0,,,,116.0,6.0,51.0
2015-07-24,,,,,,,,,
2015-07-25,,,,,,,,,
2015-07-26,,,,,,,,,
2015-07-27,,,,,,,,,
2015-07-28,22.0,3.0,25.0,,,,,,
2015-07-29,18.0,2.0,18.0,,,,,,
2015-07-30,,,,,,,,,
2015-07-31,,,,,,,,,
2015-08-01,,,,,,,,,
2015-08-02,,,,,,,,,
2015-08-03,,,,,,,,,
2015-08-04,,,,39.0,2.0,50.0,140.0,2.0,53.0
2015-08-05,,,,54.0,2.0,71.0,75.0,2.0,72.0
2015-08-06,,,,53.0,2.0,47.0,71.0,2.0,53.0
2015-08-07,,,,,,,,,
2015-08-08,,,,,,,,,
2015-08-09,,,,,,,,,
2015-08-10,,,,,,,80.0,2.0,110.0
2015-08-11,,,,,,,51.0,4.0,70.0
2015-08-12,59.0,2.0,52.0,,,,100.0,4.0,77.0
2015-08-13,49.0,3.0,66.0,,,,,,
2015-08-14,,,,,,,,,
2015-08-15,,,,,,,,,
2015-08-16,,,,,,,,,
2015-08-17,,,,,,,114.0,2.0,71.0
2015-08-18,,,,38.0,2.0,54.0,91.0,2.0,66.0
2015-08-19,,,,41.0,2.0,38.0,,,
2015-08-20,,,,57.0,2.0,52.0,,,
2015-08-21,45.0,3.0,75.0,,,,,,
2015-08-22,79.0,2.0,73.0,,,,,,
2015-08-23,56.0,2.0,67.0,,,,,,
2015-08-24,,,,,,,,,
2015-08-25,48.0,2.0,70.0,89.0,2.0,77.0,,,
2015-08-26,44.0,3.0,63.0,65.0,2.0,75.0,,,
2015-08-27,57.0,3.0,81.0,,,,,,
2015-08-28,,,,,,,,,
2015-08-29,,,,,,,,,
2015-08-30,,,,,,,,,
2015-08-31,,,,,,,,,
2015-09-01,,,,110.0,2.0,47.0,171.0,2.0,70.0
2015-09-02,,,,134.0,2.0,40.0,203.0,2.0,85.0
2015-09-03,,,,149.0,4.0,80.0,264.0,2.0,64.0
2015-09-04,,,,,,,,,
2015-09-05,,,,,,,,,
2015-09-06,,,,,,,,,
2015-09-07,,,,,,,,,
2015-09-08,67.0,3.0,49.0,81.0,4.0,107.0,,,
2015-09-09,56.0,2.0,63.0,109.0,2.0,88.0,,,
2015-09-10,48.0,3.0,57.0,97.0,2.0,113.0,,,
2015-09-11,,,,,,,,,
2015-09-12,,,,,,,,,
2015-09-13,,,,,,,,,
2015-09-14,,,,,,,,,
2015-09-15,77.0,3.0,60.0,,,,238.0,3.0,79.0
2015-09-16,109.0,4.0,82.0,,,,304.0,6.0,107.0
2015-09-17,76.0,6.0,59.0,,,,214.0,6.0,76.0
2015-09-18,,,,,,,,,
2015-09-19,,,,,,,,,
2015-09-20,,,,,,,,,
2015-09-21,,,,,,,,,
2015-09-22,37.0,2.0,49.0,33.0,2.0,46.0,,,
2015-09-23,37.0,2.0,60.0,58.0,2.0,73.0,,,
2015-09-24,,,,,,,,,
2015-09-25,,,,,,,,,
2015-09-26,,,,,,,,,
2015-09-27,,,,,,,,,
2015-09-28,,,,,,,131.0,4.0,71.0
2015-09-29,,,,,,,173.0,7.0,46.0
2015-09-30,,,,,,,,,
2015-10-01,,,,,,,,,
2015-10-02,,,,,,,,,
2015-10-03,,,,,,,,,
2015-10-04,,,,,,,,,
2015-10-05,,,,,,,,,
2015-10-06,,,,139.0,7.0,124.0,240.0,3.0,51.0
2015-10-07,,,,173.0,8.0,115.0,236.0,12.0,69.0
2015-10-08,,,,149.0,5.0,118.0,193.0,4.0,70.0
2015-10-09,,,,,,,,,
2015-10-10,,,,,,,,,
2015-10-11,,,,,,,,,
2015-10-12,,,,,,,,,
2015-10-13,88.0,20.0,93.0,98.0,8.0,110.0,,,
2015-10-14,92.0,26.0,124.0,121.0,13.0,110.0,,,
2015-10-15,,,,178.0,9.0,121.0,,,
2015-10-16,,,,,,,,,
2015-10-17,,,,,,,,,
2015-10-18,,,,,,,,,
2015-10-19,164.0,12.0,122.0,296.0,19.0,162.0,,,
2015-10-20,193.0,11.0,91.0,,,,,,
2015-10-21,133.0,4.0,76.0,,,,,,
2015-10-22,,,,,,,,,
2015-10-23,,,,,,,365.0,19.0,121.0
2015-10-24,,,,,,,400.0,17.0,108.0
2015-10-25,,,,,,,,,
2015-10-26,,,,,,,,,
2015-10-27,124.0,5.0,118.0,,,,366.0,12.0,76.0
2015-10-28,80.0,12.0,108.0,,,,274.0,18.0,97.0
2015-10-29,107.0,13.0,115.0,,,,252.0,23.0,124.0
2015-10-30,,,,,,,,,
2015-10-31,,,,,,,,,
2015-11-01,,,,,,,,,
2015-11-02,,,,,,,,,
2015-11-03,,,,457.0,32.0,155.0,458.0,45.0,171.0
2015-11-04,,,,260.0,38.0,137.0,321.0,21.0,172.0
2015-11-05,,,,101.0,18.0,145.0,163.0,26.0,105.0
2015-11-06,,,,,,,,,
2015-11-07,305.0,23.0,126.0,,,,,,
2015-11-08,235.0,46.0,114.0,,,,,,
2015-11-09,,,,,,,,,
2015-11-10,,,,,,,,,
2015-11-11,,,,,,,,,
2015-11-12,,,,,,,,,
2015-11-13,,,,,,,,,
2015-11-14,,,,,,,,,
2015-11-15,,,,,,,,,
2015-11-16,,,,,,,,,
2015-11-17,,,,,,,,,
2015-11-18,224.0,9.0,134.0,377.0,26.0,183.0,,,
2015-11-19,354.0,11.0,141.0,353.0,17.0,188.0,,,
2015-11-20,315.0,8.0,145.0,,,,,,
2015-11-21,,,,,,,,,
2015-11-22,,,,,,,,,
2015-11-23,,,,,,,,,
2015-11-24,,,,225.0,9.0,183.0,455.0,26.0,142.0
2015-11-25,,,,295.0,37.0,173.0,435.0,46.0,169.0
2015-11-26,,,,305.0,39.0,207.0,392.0,18.0,224.0
2015-11-27,282.0,12.0,97.0,,,,311.0,36.0,130.0
2015-11-28,353.0,12.0,97.0,,,,346.0,26.0,127.0
2015-11-29,352.0,25.0,120.0,,,,,,
2015-11-30,,,,,,,,,
2015-12-01,,,,,,,,,
2015-12-02,271.0,3.0,140.0,,,,369.0,9.0,148.0
2015-12-03,306.0,5.0,112.0,,,,236.0,12.0,136.0
2015-12-04,,,,,,,,,
2015-12-05,,,,,,,,,
2015-12-06,,,,,,,,,
2015-12-07,,,,,,,430.0,4.0,160.0
2015-12-08,,,,435.0,3.0,182.0,451.0,2.0,159.0
2015-12-09,273.0,3.0,123.0,335.0,3.0,151.0,,,
2015-12-10,280.0,2.0,122.0,289.0,2.0,159.0,,,
2015-12-11,,,,,,,,,
2015-12-12,,,,,,,,,
2015-12-13,,,,,,,,,
2015-12-14,,,,,,,321.0,2.0,99.0
2015-12-15,,,,264.0,5.0,136.0,375.0,8.0,106.0
2015-12-16,284.0,2.0,161.0,346.0,13.0,178.0,,,
2015-12-17,386.0,2.0,208.0,346.0,3.0,174.0,,,
2015-12-18,,,,,,,,,
2015-12-19,,,,,,,,,
2015-12-20,,,,,,,,,
2015-12-21,,,,,,,573.0,2.0,199.0
2015-12-22,,,,,,,616.0,28.0,223.0
2015-12-23,,,,,,,,,
2015-12-24,,,,,,,,,
2015-12-25,,,,,,,,,
2015-12-26,,,,,,,,,
2015-12-27,,,,,,,,,
2015-12-28,,,,,,,,,
2015-12-29,253.0,21.0,152.0,271.0,2.0,130.0,,,
2015-12-30,311.0,19.0,145.0,318.0,2.0,161.0,,,
2015-12-31,,,,,,,,,
